country_code,country,deaths,epiweek_onset,imported_cases,lab_confirmed_cases,nombre_pais,num_country_code,num_country_code2,num_gbs,num_gbs_with_zika,num_records,num_microcephaly_associated,other_neuro_complications,other_source_transmission,pregnant_women,report_epi_week,severe_cases,sovereign,status,sub_region,suspected_cases,suspect_cases_bin,total_cases,total_cases_bin,year,month
ABW,Aruba,0,0,0,0,Aruba,533,533,0,0,1,0,0,0,0,40,0,Netherlands,Associated Member,Non Latin Caribbean,0,0K,0,0,2015,October
ABW,Aruba,0,0,0,0,Aruba,533,533,0,0,1,0,0,0,0,41,0,Netherlands,Associated Member,Non Latin Caribbean,0,0K,0,0,2015,October
ABW,Aruba,0,0,0,0,Aruba,533,533,0,0,1,0,0,0,0,42,0,Netherlands,Associated Member,Non Latin Caribbean,0,0K,0,0,2015,October
ABW,Aruba,0,0,0,0,Aruba,533,533,0,0,1,0,0,0,0,43,0,Netherlands,Associated Member,Non Latin Caribbean,0,0K,0,0,2015,October
ABW,Aruba,0,0,0,0,Aruba,533,533,0,0,1,0,0,0,0,44,0,Netherlands,Associated Member,Non Latin Caribbean,0,0K,0,0,2015,November
ABW,Aruba,0,0,0,0,Aruba,533,533,0,0,1,0,0,0,0,45,0,Netherlands,Associated Member,Non Latin Caribbean,0,0K,0,0,2015,November
ABW,Aruba,0,0,0,0,Aruba,533,533,0,0,1,0,0,0,0,46,0,Netherlands,Associated Member,Non Latin Caribbean,0,0K,0,0,2015,November
ABW,Aruba,0,0,0,0,Aruba,533,533,0,0,1,0,0,0,0,47,0,Netherlands,Associated Member,Non Latin Caribbean,0,0K,0,0,2015,November
ABW,Aruba,0,0,0,0,Aruba,533,533,0,0,1,0,0,0,0,48,0,Netherlands,Associated Member,Non Latin Caribbean,0,0K,0,0,2015,December
ABW,Aruba,0,0,0,0,Aruba,533,533,0,0,1,0,0,0,0,49,0,Netherlands,Associated Member,Non Latin Caribbean,0,0K,0,0,2015,December
ABW,Aruba,0,0,0,0,Aruba,533,533,0,0,1,0,0,0,0,50,0,Netherlands,Associated Member,Non Latin Caribbean,0,0K,0,0,2015,December
ABW,Aruba,0,0,0,0,Aruba,533,533,0,0,1,0,0,0,0,51,0,Netherlands,Associated Member,Non Latin Caribbean,0,0K,0,0,2015,December
ABW,Aruba,0,0,0,0,Aruba,533,533,0,0,1,0,0,0,0,52,0,Netherlands,Associated Member,Non Latin Caribbean,0,0K,0,0,2015,December
ABW,Aruba,0,0,0,0,Aruba,533,533,0,0,1,0,0,0,0,1,0,Netherlands,Associated Member,Non Latin Caribbean,0,0K,0,0,2016,January
ABW,Aruba,0,0,0,0,Aruba,533,533,0,0,1,0,0,0,0,2,0,Netherlands,Associated Member,Non Latin Caribbean,0,0K,0,0,2016,January
ABW,Aruba,0,0,0,0,Aruba,533,533,0,0,1,0,0,0,0,3,0,Netherlands,Associated Member,Non Latin Caribbean,0,0K,0,0,2016,January
ABW,Aruba,0,0,0,0,Aruba,533,533,0,0,1,0,0,0,0,4,0,Netherlands,Associated Member,Non Latin Caribbean,0,0K,0,0,2016,January
ABW,Aruba,0,0,0,0,Aruba,533,533,0,0,1,0,0,0,0,5,0,Netherlands,Associated Member,Non Latin Caribbean,0,0K,0,0,2016,February
ABW,Aruba,0,0,0,0,Aruba,533,533,0,0,1,0,0,0,0,6,0,Netherlands,Associated Member,Non Latin Caribbean,0,0K,0,0,2016,February
ABW,Aruba,0,0,7,4,Aruba,533,533,0,0,1,0,0,0,0,7,0,Netherlands,Associated Member,Non Latin Caribbean,0,0K,4,0,2016,February
SLV,El Salvador,0,0,0,0,El Salvador,222,222,0,0,1,0,0,0,0,40,0,El Salvador,Member State,Central America,0,0K,0,0,2015,October
SLV,El Salvador,0,0,0,0,El Salvador,222,222,0,0,1,0,0,0,0,41,0,El Salvador,Member State,Central America,0,0K,0,0,2015,October
SLV,El Salvador,0,0,0,0,El Salvador,222,222,0,0,1,0,0,0,0,42,0,El Salvador,Member State,Central America,0,0K,0,0,2015,October
SLV,El Salvador,0,0,0,0,El Salvador,222,222,0,0,1,0,0,0,0,43,0,El Salvador,Member State,Central America,0,0K,0,0,2015,October
SLV,El Salvador,0,0,0,0,El Salvador,222,222,0,0,1,0,0,0,0,44,0,El Salvador,Member State,Central America,0,0K,0,0,2015,November
SLV,El Salvador,0,0,0,0,El Salvador,222,222,0,0,1,0,0,0,0,45,0,El Salvador,Member State,Central America,0,0K,0,0,2015,November
SLV,El Salvador,0,0,0,0,El Salvador,222,222,0,0,1,0,0,0,0,46,0,El Salvador,Member State,Central America,0,0K,0,0,2015,November
SLV,El Salvador,0,0,0,0,El Salvador,222,222,0,0,1,0,0,0,0,46,0,El Salvador,Member State,Central America,195,0K,195,0,2015,November
SLV,El Salvador,0,0,0,0,El Salvador,222,222,0,0,1,0,0,0,0,47,0,El Salvador,Member State,Central America,0,0K,0,0,2015,November
SLV,El Salvador,0,0,0,3,El Salvador,222,222,0,0,1,0,0,0,0,47,0,El Salvador,Member State,Central America,348,0K,351,0,2015,November
SLV,El Salvador,0,0,0,0,El Salvador,222,222,0,0,1,0,0,0,0,48,0,El Salvador,Member State,Central America,0,0K,0,0,2015,December
SLV,El Salvador,0,0,0,0,El Salvador,222,222,8,0,1,0,0,0,0,48,0,El Salvador,Member State,Central America,846,0K,846,0,2015,December
SLV,El Salvador,0,0,0,0,El Salvador,222,222,0,0,1,0,0,0,0,49,0,El Salvador,Member State,Central America,0,0K,0,0,2015,December
SLV,El Salvador,0,0,0,0,El Salvador,222,222,3,0,1,0,0,0,0,49,0,El Salvador,Member State,Central America,914,0K,914,0,2015,December
SLV,El Salvador,0,0,0,0,El Salvador,222,222,0,0,1,0,0,0,0,50,0,El Salvador,Member State,Central America,0,0K,0,0,2015,December
SLV,El Salvador,0,0,0,0,El Salvador,222,222,4,0,1,0,0,0,0,50,0,El Salvador,Member State,Central America,753,0K,753,0,2015,December
SLV,El Salvador,0,0,0,0,El Salvador,222,222,0,0,1,0,0,0,0,51,0,El Salvador,Member State,Central America,0,0K,0,0,2015,December
SLV,El Salvador,0,0,0,0,El Salvador,222,222,9,0,1,0,0,0,0,51,0,El Salvador,Member State,Central America,464,0K,464,0,2015,December
SLV,El Salvador,0,0,0,0,El Salvador,222,222,0,0,1,0,0,0,0,52,0,El Salvador,Member State,Central America,0,0K,0,0,2015,December
SLV,El Salvador,0,0,0,0,El Salvador,222,222,15,0,1,0,0,0,63,52,0,El Salvador,Member State,Central America,316,0K,316,0,2015,December
SLV,El Salvador,0,0,0,0,El Salvador,222,222,0,0,1,0,0,0,0,1,0,El Salvador,Member State,Central America,0,0K,0,0,2016,January
SLV,El Salvador,0,0,0,0,El Salvador,222,222,23,0,1,0,0,0,19,1,0,El Salvador,Member State,Central America,1090,0K,1090,0,2016,January
SLV,El Salvador,0,0,0,0,El Salvador,222,222,0,0,1,0,0,0,0,2,0,El Salvador,Member State,Central America,0,0K,0,0,2016,January
SLV,El Salvador,0,0,0,0,El Salvador,222,222,27,0,1,0,0,0,31,2,0,El Salvador,Member State,Central America,1018,0K,1018,0,2016,January
SLV,El Salvador,0,0,0,0,El Salvador,222,222,0,0,1,0,0,0,0,3,0,El Salvador,Member State,Central America,0,0K,0,0,2016,January
SLV,El Salvador,0,0,0,0,El Salvador,222,222,13,0,1,0,0,0,29,3,0,El Salvador,Member State,Central America,839,0K,839,0,2016,January
SLV,El Salvador,0,0,0,0,El Salvador,222,222,0,0,1,0,0,0,0,4,0,El Salvador,Member State,Central America,0,0K,0,0,2016,January
SLV,El Salvador,0,0,0,0,El Salvador,222,222,10,0,1,0,0,0,17,4,23,El Salvador,Member State,Central America,789,0K,789,0,2016,January
SLV,El Salvador,0,0,0,0,El Salvador,222,222,0,0,1,0,0,0,0,5,0,El Salvador,Member State,Central America,0,0K,0,0,2016,February
SLV,El Salvador,0,0,0,0,El Salvador,222,222,9,0,1,0,0,0,0,5,0,El Salvador,Member State,Central America,351,0K,351,0,2016,February
SLV,El Salvador,0,0,0,0,El Salvador,222,222,0,0,1,0,0,0,0,6,0,El Salvador,Member State,Central America,661,0K,661,0,2016,February
GUF,French Guiana,0,0,0,0,Guayana Francesa,254,254,0,0,1,0,0,0,0,40,0,France,Participating State \Territory,Latin Caribbean,0,0K,0,0,2015,October
GUF,French Guiana,0,0,0,0,Guayana Francesa,254,254,0,0,1,0,0,0,0,41,0,France,Participating State \Territory,Latin Caribbean,0,0K,0,0,2015,October
GUF,French Guiana,0,0,0,0,Guayana Francesa,254,254,0,0,1,0,0,0,0,42,0,France,Participating State \Territory,Latin Caribbean,0,0K,0,0,2015,October
GUF,French Guiana,0,0,0,0,Guayana Francesa,254,254,0,0,1,0,0,0,0,43,0,France,Participating State \Territory,Latin Caribbean,0,0K,0,0,2015,October
GUF,French Guiana,0,0,0,0,Guayana Francesa,254,254,0,0,1,0,0,0,0,44,0,France,Participating State \Territory,Latin Caribbean,0,0K,0,0,2015,November
GUF,French Guiana,0,0,0,0,Guayana Francesa,254,254,0,0,1,0,0,0,0,45,0,France,Participating State \Territory,Latin Caribbean,0,0K,0,0,2015,November
GUF,French Guiana,0,0,0,0,Guayana Francesa,254,254,0,0,1,0,0,0,0,46,0,France,Participating State \Territory,Latin Caribbean,0,0K,0,0,2015,November
GUF,French Guiana,0,0,0,0,Guayana Francesa,254,254,0,0,1,0,0,0,0,47,0,France,Participating State \Territory,Latin Caribbean,0,0K,0,0,2015,November
GUF,French Guiana,0,0,0,0,Guayana Francesa,254,254,0,0,1,0,0,0,0,48,0,France,Participating State \Territory,Latin Caribbean,0,0K,0,0,2015,December
GUF,French Guiana,0,0,0,0,Guayana Francesa,254,254,0,0,1,0,0,0,0,49,0,France,Participating State \Territory,Latin Caribbean,0,0K,0,0,2015,December
GUF,French Guiana,0,0,0,0,Guayana Francesa,254,254,0,0,1,0,0,0,0,50,0,France,Participating State \Territory,Latin Caribbean,0,0K,0,0,2015,December
GUF,French Guiana,0,0,0,0,Guayana Francesa,254,254,0,0,1,0,0,0,0,51,0,France,Participating State \Territory,Latin Caribbean,0,0K,0,0,2015,December
GUF,French Guiana,0,0,0,0,Guayana Francesa,254,254,0,0,1,0,0,0,0,52,0,France,Participating State \Territory,Latin Caribbean,0,0K,0,0,2015,December
GUF,French Guiana,0,0,0,0,Guayana Francesa,254,254,0,0,1,0,0,0,0,1,0,France,Participating State \Territory,Latin Caribbean,0,0K,0,0,2016,January
GUF,French Guiana,0,52,10,7,Guayana Francesa,254,254,0,0,1,0,0,0,0,1,0,France,Participating State \Territory,Latin Caribbean,0,0K,7,0,2016,January
GUF,French Guiana,0,0,0,0,Guayana Francesa,254,254,0,0,1,0,0,0,0,2,0,France,Participating State \Territory,Latin Caribbean,0,0K,0,0,2016,January
GUF,French Guiana,0,0,0,39,Guayana Francesa,254,254,0,0,1,0,0,0,0,2,0,France,Participating State \Territory,Latin Caribbean,130,0K,169,0,2016,January
GUF,French Guiana,0,0,0,0,Guayana Francesa,254,254,0,0,1,0,0,0,0,3,0,France,Participating State \Territory,Latin Caribbean,0,0K,0,0,2016,January
GUF,French Guiana,0,0,0,29,Guayana Francesa,254,254,0,0,1,0,0,0,0,3,0,France,Participating State \Territory,Latin Caribbean,115,0K,144,0,2016,January
GUF,French Guiana,0,0,0,0,Guayana Francesa,254,254,0,0,1,0,0,0,0,4,0,France,Participating State \Territory,Latin Caribbean,0,0K,0,0,2016,January
GUF,French Guiana,0,0,0,13,Guayana Francesa,254,254,3,0,1,0,0,0,8,4,0,France,Participating State \Territory,Latin Caribbean,185,0K,198,0,2016,January
GUF,French Guiana,0,0,0,0,Guayana Francesa,254,254,0,0,1,0,0,0,0,5,0,France,Participating State \Territory,Latin Caribbean,0,0K,0,0,2016,February
GUF,French Guiana,0,0,0,11,Guayana Francesa,254,254,0,0,1,0,0,0,0,6,0,France,Participating State \Territory,Latin Caribbean,360,0K,371,0,2016,February
GLP,Guadeloupe,0,0,0,0,Guadalupe,312,312,0,0,1,0,0,0,0,40,0,France,Participating State \Territory,Latin Caribbean,0,0K,0,0,2015,October
GLP,Guadeloupe,0,0,0,0,Guadalupe,312,312,0,0,1,0,0,0,0,41,0,France,Participating State \Territory,Latin Caribbean,0,0K,0,0,2015,October
GLP,Guadeloupe,0,0,0,0,Guadalupe,312,312,0,0,1,0,0,0,0,42,0,France,Participating State \Territory,Latin Caribbean,0,0K,0,0,2015,October
GLP,Guadeloupe,0,0,0,0,Guadalupe,312,312,0,0,1,0,0,0,0,43,0,France,Participating State \Territory,Latin Caribbean,0,0K,0,0,2015,October
GLP,Guadeloupe,0,0,0,0,Guadalupe,312,312,0,0,1,0,0,0,0,44,0,France,Participating State \Territory,Latin Caribbean,0,0K,0,0,2015,November
GLP,Guadeloupe,0,0,0,0,Guadalupe,312,312,0,0,1,0,0,0,0,45,0,France,Participating State \Territory,Latin Caribbean,0,0K,0,0,2015,November
GLP,Guadeloupe,0,0,0,0,Guadalupe,312,312,0,0,1,0,0,0,0,46,0,France,Participating State \Territory,Latin Caribbean,0,0K,0,0,2015,November
GLP,Guadeloupe,0,0,0,0,Guadalupe,312,312,0,0,1,0,0,0,0,47,0,France,Participating State \Territory,Latin Caribbean,0,0K,0,0,2015,November
GLP,Guadeloupe,0,0,0,0,Guadalupe,312,312,0,0,1,0,0,0,0,48,0,France,Participating State \Territory,Latin Caribbean,0,0K,0,0,2015,December
GLP,Guadeloupe,0,0,0,0,Guadalupe,312,312,0,0,1,0,0,0,0,49,0,France,Participating State \Territory,Latin Caribbean,0,0K,0,0,2015,December
GLP,Guadeloupe,0,0,0,0,Guadalupe,312,312,0,0,1,0,0,0,0,50,0,France,Participating State \Territory,Latin Caribbean,0,0K,0,0,2015,December
GLP,Guadeloupe,0,0,0,0,Guadalupe,312,312,0,0,1,0,0,0,0,51,0,France,Participating State \Territory,Latin Caribbean,0,0K,0,0,2015,December
GLP,Guadeloupe,0,0,0,0,Guadalupe,312,312,0,0,1,0,0,0,0,52,0,France,Participating State \Territory,Latin Caribbean,0,0K,0,0,2015,December
GLP,Guadeloupe,0,0,0,0,Guadalupe,312,312,0,0,1,0,0,0,0,1,0,France,Participating State \Territory,Latin Caribbean,0,0K,0,0,2016,January
GLP,Guadeloupe,0,0,0,0,Guadalupe,312,312,0,0,1,0,0,0,0,2,0,France,Participating State \Territory,Latin Caribbean,0,0K,0,0,2016,January
GLP,Guadeloupe,0,0,0,1,Guadalupe,312,312,0,0,1,0,0,0,0,2,0,France,Participating State \Territory,Latin Caribbean,0,0K,1,0,2016,January
GLP,Guadeloupe,0,0,0,0,Guadalupe,312,312,0,0,1,0,0,0,0,3,0,France,Participating State \Territory,Latin Caribbean,0,0K,0,0,2016,January
GLP,Guadeloupe,0,0,0,9,Guadalupe,312,312,0,0,1,0,0,0,0,3,0,France,Participating State \Territory,Latin Caribbean,0,0K,9,0,2016,January
GLP,Guadeloupe,0,0,0,0,Guadalupe,312,312,0,0,1,0,0,0,0,4,0,France,Participating State \Territory,Latin Caribbean,0,0K,0,0,2016,January
GLP,Guadeloupe,0,0,0,7,Guadalupe,312,312,0,0,1,0,1,0,0,4,0,France,Participating State \Territory,Latin Caribbean,0,0K,7,0,2016,January
GLP,Guadeloupe,0,0,0,0,Guadalupe,312,312,0,0,1,0,0,0,0,5,0,France,Participating State \Territory,Latin Caribbean,0,0K,0,0,2016,February
GLP,Guadeloupe,0,0,0,8,Guadalupe,312,312,0,0,1,0,0,0,0,6,0,France,Participating State \Territory,Latin Caribbean,221,0K,229,0,2016,February
GTM,Guatemala,0,0,0,0,Guatemala,320,320,0,0,1,0,0,0,0,40,0,Guatemala,Member State,Central America,0,0K,0,0,2015,October
GTM,Guatemala,0,0,0,0,Guatemala,320,320,0,0,1,0,0,0,0,41,0,Guatemala,Member State,Central America,0,0K,0,0,2015,October
GTM,Guatemala,0,0,0,0,Guatemala,320,320,0,0,1,0,0,0,0,42,0,Guatemala,Member State,Central America,0,0K,0,0,2015,October
GTM,Guatemala,0,0,0,0,Guatemala,320,320,0,0,1,0,0,0,0,43,0,Guatemala,Member State,Central America,0,0K,0,0,2015,October
GTM,Guatemala,0,0,0,0,Guatemala,320,320,0,0,1,0,0,0,0,44,0,Guatemala,Member State,Central America,0,0K,0,0,2015,November
GTM,Guatemala,0,0,0,0,Guatemala,320,320,0,0,1,0,0,0,0,45,0,Guatemala,Member State,Central America,0,0K,0,0,2015,November
GTM,Guatemala,0,0,0,0,Guatemala,320,320,0,0,1,0,0,0,0,46,0,Guatemala,Member State,Central America,0,0K,0,0,2015,November
GTM,Guatemala,0,0,0,1,Guatemala,320,320,0,0,1,0,0,0,0,46,0,Guatemala,Member State,Central America,0,0K,1,0,2015,November
GTM,Guatemala,0,0,0,0,Guatemala,320,320,0,0,1,0,0,0,0,47,0,Guatemala,Member State,Central America,0,0K,0,0,2015,November
GTM,Guatemala,0,0,0,0,Guatemala,320,320,0,0,1,0,0,0,0,48,0,Guatemala,Member State,Central America,0,0K,0,0,2015,December
GTM,Guatemala,0,0,0,0,Guatemala,320,320,0,0,1,0,0,0,0,49,0,Guatemala,Member State,Central America,0,0K,0,0,2015,December
GTM,Guatemala,0,0,0,0,Guatemala,320,320,0,0,1,0,0,0,0,50,0,Guatemala,Member State,Central America,0,0K,0,0,2015,December
GTM,Guatemala,0,0,0,0,Guatemala,320,320,0,0,1,0,0,0,0,51,0,Guatemala,Member State,Central America,0,0K,0,0,2015,December
GTM,Guatemala,0,0,0,0,Guatemala,320,320,0,0,1,0,0,0,0,52,0,Guatemala,Member State,Central America,0,0K,0,0,2015,December
GTM,Guatemala,0,0,0,67,Guatemala,320,320,0,0,1,0,0,0,1,52,0,Guatemala,Member State,Central America,200,0K,267,0,2015,December
GTM,Guatemala,0,0,0,0,Guatemala,320,320,0,0,1,0,0,0,0,1,0,Guatemala,Member State,Central America,0,0K,0,0,2016,January
GTM,Guatemala,0,0,0,0,Guatemala,320,320,0,0,1,0,0,0,0,2,0,Guatemala,Member State,Central America,0,0K,0,0,2016,January
GTM,Guatemala,0,0,0,37,Guatemala,320,320,0,0,1,0,0,0,0,2,0,Guatemala,Member State,Central America,78,0K,115,0,2016,January
GTM,Guatemala,0,0,0,0,Guatemala,320,320,0,0,1,0,0,0,0,3,0,Guatemala,Member State,Central America,0,0K,0,0,2016,January
GTM,Guatemala,0,0,0,0,Guatemala,320,320,0,0,1,0,0,0,0,4,0,Guatemala,Member State,Central America,0,0K,0,0,2016,January
GTM,Guatemala,0,0,0,0,Guatemala,320,320,0,0,1,0,0,0,0,5,0,Guatemala,Member State,Central America,0,0K,0,0,2016,February
GUY,Guyana,0,0,0,0,Guyana,328,328,0,0,1,0,0,0,0,40,0,Guyana,Member State,Non Latin Caribbean,0,0K,0,0,2015,October
GUY,Guyana,0,0,0,0,Guyana,328,328,0,0,1,0,0,0,0,41,0,Guyana,Member State,Non Latin Caribbean,0,0K,0,0,2015,October
GUY,Guyana,0,0,0,0,Guyana,328,328,0,0,1,0,0,0,0,42,0,Guyana,Member State,Non Latin Caribbean,0,0K,0,0,2015,October
GUY,Guyana,0,0,0,0,Guyana,328,328,0,0,1,0,0,0,0,43,0,Guyana,Member State,Non Latin Caribbean,0,0K,0,0,2015,October
GUY,Guyana,0,0,0,0,Guyana,328,328,0,0,1,0,0,0,0,44,0,Guyana,Member State,Non Latin Caribbean,0,0K,0,0,2015,November
GUY,Guyana,0,0,0,0,Guyana,328,328,0,0,1,0,0,0,0,45,0,Guyana,Member State,Non Latin Caribbean,0,0K,0,0,2015,November
GUY,Guyana,0,0,0,0,Guyana,328,328,0,0,1,0,0,0,0,46,0,Guyana,Member State,Non Latin Caribbean,0,0K,0,0,2015,November
GUY,Guyana,0,0,0,0,Guyana,328,328,0,0,1,0,0,0,0,47,0,Guyana,Member State,Non Latin Caribbean,0,0K,0,0,2015,November
GUY,Guyana,0,0,0,0,Guyana,328,328,0,0,1,0,0,0,0,48,0,Guyana,Member State,Non Latin Caribbean,0,0K,0,0,2015,December
GUY,Guyana,0,0,0,0,Guyana,328,328,0,0,1,0,0,0,0,49,0,Guyana,Member State,Non Latin Caribbean,0,0K,0,0,2015,December
GUY,Guyana,0,0,0,0,Guyana,328,328,0,0,1,0,0,0,0,50,0,Guyana,Member State,Non Latin Caribbean,0,0K,0,0,2015,December
GUY,Guyana,0,0,0,0,Guyana,328,328,0,0,1,0,0,0,0,51,0,Guyana,Member State,Non Latin Caribbean,0,0K,0,0,2015,December
GUY,Guyana,0,0,0,0,Guyana,328,328,0,0,1,0,0,0,0,52,0,Guyana,Member State,Non Latin Caribbean,0,0K,0,0,2015,December
GUY,Guyana,0,0,0,0,Guyana,328,328,0,0,1,0,0,0,0,1,0,Guyana,Member State,Non Latin Caribbean,0,0K,0,0,2016,January
GUY,Guyana,0,0,0,1,Guyana,328,328,0,0,1,0,0,0,0,2,0,Guyana,Member State,Non Latin Caribbean,0,0K,1,0,2016,January
GUY,Guyana,0,0,0,0,Guyana,328,328,0,0,1,0,0,0,0,2,0,Guyana,Member State,Non Latin Caribbean,0,0K,0,0,2016,January
GUY,Guyana,0,0,0,0,Guyana,328,328,0,0,1,0,0,0,0,3,0,Guyana,Member State,Non Latin Caribbean,0,0K,0,0,2016,January
GUY,Guyana,0,0,0,0,Guyana,328,328,0,0,1,0,0,0,0,4,0,Guyana,Member State,Non Latin Caribbean,0,0K,0,0,2016,January
GUY,Guyana,0,0,0,0,Guyana,328,328,0,0,1,0,0,0,0,5,0,Guyana,Member State,Non Latin Caribbean,0,0K,0,0,2016,February
HTI,Haiti,0,0,0,0,Haití,332,332,0,0,1,0,0,0,0,40,0,Haiti,Member State,Latin Caribbean,0,0K,0,0,2015,October
HTI,Haiti,0,0,0,0,Haití,332,332,0,0,1,0,0,0,0,41,0,Haiti,Member State,Latin Caribbean,0,0K,0,0,2015,October
HTI,Haiti,0,0,0,0,Haití,332,332,0,0,1,0,0,0,0,42,0,Haiti,Member State,Latin Caribbean,0,0K,0,0,2015,October
HTI,Haiti,0,0,0,0,Haití,332,332,0,0,1,0,0,0,0,42,0,Haiti,Member State,Latin Caribbean,3,0K,3,0,2015,October
HTI,Haiti,0,0,0,0,Haití,332,332,0,0,1,0,0,0,0,43,0,Haiti,Member State,Latin Caribbean,0,0K,0,0,2015,October
HTI,Haiti,0,0,0,0,Haití,332,332,0,0,1,0,0,0,0,43,0,Haiti,Member State,Latin Caribbean,0,0K,0,0,2015,October
HTI,Haiti,0,0,0,0,Haití,332,332,0,0,1,0,0,0,0,44,0,Haiti,Member State,Latin Caribbean,0,0K,0,0,2015,November
HTI,Haiti,0,0,0,0,Haití,332,332,0,0,1,0,0,0,0,44,0,Haiti,Member State,Latin Caribbean,0,0K,0,0,2015,November
HTI,Haiti,0,0,0,0,Haití,332,332,0,0,1,0,0,0,0,45,0,Haiti,Member State,Latin Caribbean,0,0K,0,0,2015,November
HTI,Haiti,0,0,0,0,Haití,332,332,0,0,1,0,0,0,0,45,0,Haiti,Member State,Latin Caribbean,0,0K,0,0,2015,November
HTI,Haiti,0,0,0,0,Haití,332,332,0,0,1,0,0,0,0,46,0,Haiti,Member State,Latin Caribbean,0,0K,0,0,2015,November
HTI,Haiti,0,0,0,0,Haití,332,332,0,0,1,0,0,0,0,46,0,Haiti,Member State,Latin Caribbean,0,0K,0,0,2015,November
HTI,Haiti,0,0,0,0,Haití,332,332,0,0,1,0,0,0,0,47,0,Haiti,Member State,Latin Caribbean,0,0K,0,0,2015,November
HTI,Haiti,0,0,0,0,Haití,332,332,0,0,1,0,0,0,0,47,0,Haiti,Member State,Latin Caribbean,0,0K,0,0,2015,November
HTI,Haiti,0,0,0,0,Haití,332,332,0,0,1,0,0,0,0,48,0,Haiti,Member State,Latin Caribbean,0,0K,0,0,2015,December
HTI,Haiti,0,0,0,0,Haití,332,332,0,0,1,0,0,0,0,48,0,Haiti,Member State,Latin Caribbean,0,0K,0,0,2015,December
HTI,Haiti,0,0,0,0,Haití,332,332,0,0,1,0,0,0,0,49,0,Haiti,Member State,Latin Caribbean,0,0K,0,0,2015,December
HTI,Haiti,0,0,0,0,Haití,332,332,0,0,1,0,0,0,0,49,0,Haiti,Member State,Latin Caribbean,5,0K,5,0,2015,December
HTI,Haiti,0,0,0,0,Haití,332,332,0,0,1,0,0,0,0,50,0,Haiti,Member State,Latin Caribbean,0,0K,0,0,2015,December
HTI,Haiti,0,0,0,0,Haití,332,332,0,0,1,0,0,0,0,50,0,Haiti,Member State,Latin Caribbean,0,0K,0,0,2015,December
HTI,Haiti,0,0,0,0,Haití,332,332,0,0,1,0,0,0,0,51,0,Haiti,Member State,Latin Caribbean,0,0K,0,0,2015,December
HTI,Haiti,0,0,0,0,Haití,332,332,0,0,1,0,0,0,0,51,0,Haiti,Member State,Latin Caribbean,2,0K,2,0,2015,December
HTI,Haiti,0,0,0,0,Haití,332,332,0,0,1,0,0,0,0,52,0,Haiti,Member State,Latin Caribbean,0,0K,0,0,2015,December
HTI,Haiti,0,0,0,0,Haití,332,332,0,0,1,0,0,0,0,52,0,Haiti,Member State,Latin Caribbean,2,0K,2,0,2015,December
HTI,Haiti,0,0,0,0,Haití,332,332,0,0,1,0,0,0,0,1,0,Haiti,Member State,Latin Caribbean,0,0K,0,0,2016,January
HTI,Haiti,0,0,0,5,Haití,332,332,0,0,1,0,0,0,0,1,0,Haiti,Member State,Latin Caribbean,13,0K,18,0,2016,January
HTI,Haiti,0,0,0,0,Haití,332,332,0,0,1,0,0,0,0,2,0,Haiti,Member State,Latin Caribbean,0,0K,0,0,2016,January
HTI,Haiti,0,0,0,0,Haití,332,332,0,0,1,0,0,0,0,2,0,Haiti,Member State,Latin Caribbean,4,0K,4,0,2016,January
HTI,Haiti,0,0,0,0,Haití,332,332,0,0,1,0,0,0,0,3,0,Haiti,Member State,Latin Caribbean,0,0K,0,0,2016,January
HTI,Haiti,0,0,0,0,Haití,332,332,0,0,1,0,0,0,0,3,0,Haiti,Member State,Latin Caribbean,96,0K,96,0,2016,January
HTI,Haiti,0,0,0,0,Haití,332,332,0,0,1,0,0,0,0,4,0,Haiti,Member State,Latin Caribbean,0,0K,0,0,2016,January
HTI,Haiti,0,0,0,0,Haití,332,332,0,0,1,0,0,0,0,4,0,Haiti,Member State,Latin Caribbean,204,0K,204,0,2016,January
HTI,Haiti,0,0,0,0,Haití,332,332,0,0,1,0,0,0,0,5,0,Haiti,Member State,Latin Caribbean,0,0K,0,0,2016,February
HND,Honduras,0,0,0,0,Honduras,340,340,0,0,1,0,0,0,0,40,0,Honduras,Member State,Central America,0,0K,0,0,2015,October
HND,Honduras,0,0,0,0,Honduras,340,340,0,0,1,0,0,0,0,41,0,Honduras,Member State,Central America,0,0K,0,0,2015,October
HND,Honduras,0,0,0,0,Honduras,340,340,0,0,1,0,0,0,0,42,0,Honduras,Member State,Central America,0,0K,0,0,2015,October
HND,Honduras,0,0,0,0,Honduras,340,340,0,0,1,0,0,0,0,43,0,Honduras,Member State,Central America,0,0K,0,0,2015,October
HND,Honduras,0,0,0,0,Honduras,340,340,0,0,1,0,0,0,0,44,0,Honduras,Member State,Central America,0,0K,0,0,2015,November
HND,Honduras,0,0,0,0,Honduras,340,340,0,0,1,0,0,0,0,45,0,Honduras,Member State,Central America,0,0K,0,0,2015,November
HND,Honduras,0,0,0,0,Honduras,340,340,0,0,1,0,0,0,0,46,0,Honduras,Member State,Central America,0,0K,0,0,2015,November
HND,Honduras,0,0,0,0,Honduras,340,340,0,0,1,0,0,0,0,47,0,Honduras,Member State,Central America,0,0K,0,0,2015,November
HND,Honduras,0,0,0,0,Honduras,340,340,0,0,1,0,0,0,0,48,0,Honduras,Member State,Central America,0,0K,0,0,2015,December
HND,Honduras,0,0,0,0,Honduras,340,340,0,0,1,0,0,0,0,49,0,Honduras,Member State,Central America,0,0K,0,0,2015,December
HND,Honduras,0,0,0,0,Honduras,340,340,0,0,1,0,0,0,0,50,0,Honduras,Member State,Central America,0,0K,0,0,2015,December
HND,Honduras,0,0,0,2,Honduras,340,340,0,0,1,0,0,0,0,50,0,Honduras,Member State,Central America,0,0K,2,0,2015,December
HND,Honduras,0,0,0,0,Honduras,340,340,0,0,1,0,0,0,0,51,0,Honduras,Member State,Central America,0,0K,0,0,2015,December
HND,Honduras,0,0,0,0,Honduras,340,340,0,0,1,0,0,0,0,51,0,Honduras,Member State,Central America,55,0K,55,0,2015,December
HND,Honduras,0,0,0,0,Honduras,340,340,0,0,1,0,0,0,0,52,0,Honduras,Member State,Central America,0,0K,0,0,2015,December
HND,Honduras,0,0,0,0,Honduras,340,340,0,0,1,0,0,0,0,52,0,Honduras,Member State,Central America,62,0K,62,0,2015,December
HND,Honduras,0,0,0,0,Honduras,340,340,0,0,1,0,0,0,0,1,0,Honduras,Member State,Central America,0,0K,0,0,2016,January
HND,Honduras,0,0,0,0,Honduras,340,340,0,0,1,0,0,0,0,1,0,Honduras,Member State,Central America,608,0K,608,0,2016,January
HND,Honduras,0,0,0,0,Honduras,340,340,0,0,1,0,0,0,0,2,0,Honduras,Member State,Central America,0,0K,0,0,2016,January
HND,Honduras,0,0,0,0,Honduras,340,340,0,0,1,0,0,0,0,2,0,Honduras,Member State,Central America,1119,0K,1119,0,2016,January
HND,Honduras,0,0,0,0,Honduras,340,340,0,0,1,0,0,0,0,3,0,Honduras,Member State,Central America,0,0K,0,0,2016,January
HND,Honduras,0,0,0,0,Honduras,340,340,0,0,1,0,0,0,0,3,0,Honduras,Member State,Central America,1310,0K,1310,0,2016,January
HND,Honduras,0,0,0,0,Honduras,340,340,0,0,1,0,0,0,0,4,0,Honduras,Member State,Central America,0,0K,0,0,2016,January
HND,Honduras,0,0,0,0,Honduras,340,340,0,0,1,0,0,0,0,4,0,Honduras,Member State,Central America,1436,0K,1436,0,2016,January
HND,Honduras,0,0,0,0,Honduras,340,340,0,0,1,0,0,0,0,5,0,Honduras,Member State,Central America,0,0K,0,0,2016,February
JAM,Jamaica,0,0,0,0,Jamaica,388,388,0,0,1,0,0,0,0,40,0,Jamaica,Member State,Non Latin Caribbean,0,0K,0,0,2015,October
JAM,Jamaica,0,0,0,0,Jamaica,388,388,0,0,1,0,0,0,0,41,0,Jamaica,Member State,Non Latin Caribbean,0,0K,0,0,2015,October
JAM,Jamaica,0,0,0,0,Jamaica,388,388,0,0,1,0,0,0,0,42,0,Jamaica,Member State,Non Latin Caribbean,0,0K,0,0,2015,October
JAM,Jamaica,0,0,0,0,Jamaica,388,388,0,0,1,0,0,0,0,43,0,Jamaica,Member State,Non Latin Caribbean,0,0K,0,0,2015,October
JAM,Jamaica,0,0,0,0,Jamaica,388,388,0,0,1,0,0,0,0,44,0,Jamaica,Member State,Non Latin Caribbean,0,0K,0,0,2015,November
JAM,Jamaica,0,0,0,0,Jamaica,388,388,0,0,1,0,0,0,0,45,0,Jamaica,Member State,Non Latin Caribbean,0,0K,0,0,2015,November
JAM,Jamaica,0,0,0,0,Jamaica,388,388,0,0,1,0,0,0,0,46,0,Jamaica,Member State,Non Latin Caribbean,0,0K,0,0,2015,November
JAM,Jamaica,0,0,0,0,Jamaica,388,388,0,0,1,0,0,0,0,47,0,Jamaica,Member State,Non Latin Caribbean,0,0K,0,0,2015,November
JAM,Jamaica,0,0,0,0,Jamaica,388,388,0,0,1,0,0,0,0,48,0,Jamaica,Member State,Non Latin Caribbean,0,0K,0,0,2015,December
JAM,Jamaica,0,0,0,0,Jamaica,388,388,0,0,1,0,0,0,0,49,0,Jamaica,Member State,Non Latin Caribbean,0,0K,0,0,2015,December
JAM,Jamaica,0,0,0,0,Jamaica,388,388,0,0,1,0,0,0,0,50,0,Jamaica,Member State,Non Latin Caribbean,0,0K,0,0,2015,December
JAM,Jamaica,0,0,0,0,Jamaica,388,388,0,0,1,0,0,0,0,51,0,Jamaica,Member State,Non Latin Caribbean,0,0K,0,0,2015,December
JAM,Jamaica,0,0,0,0,Jamaica,388,388,0,0,1,0,0,0,0,52,0,Jamaica,Member State,Non Latin Caribbean,0,0K,0,0,2015,December
JAM,Jamaica,0,0,0,0,Jamaica,388,388,0,0,1,0,0,0,0,1,0,Jamaica,Member State,Non Latin Caribbean,0,0K,0,0,2016,January
JAM,Jamaica,0,0,0,0,Jamaica,388,388,0,0,1,0,0,0,0,2,0,Jamaica,Member State,Non Latin Caribbean,0,0K,0,0,2016,January
JAM,Jamaica,0,0,0,0,Jamaica,388,388,0,0,1,0,0,0,0,3,0,Jamaica,Member State,Non Latin Caribbean,0,0K,0,0,2016,January
JAM,Jamaica,0,0,0,0,Jamaica,388,388,0,0,1,0,0,0,0,4,0,Jamaica,Member State,Non Latin Caribbean,0,0K,0,0,2016,January
JAM,Jamaica,0,0,0,1,Jamaica,388,388,0,0,1,0,0,0,0,4,0,Jamaica,Member State,Non Latin Caribbean,0,0K,1,0,2016,January
JAM,Jamaica,0,0,0,0,Jamaica,388,388,0,0,1,0,0,0,0,5,0,Jamaica,Member State,Non Latin Caribbean,0,0K,0,0,2016,February
MTQ,Martinique,0,0,0,0,Martinica,474,474,0,0,1,0,0,0,0,40,0,France,Participating State \Territory,Latin Caribbean,0,0K,0,0,2015,October
MTQ,Martinique,0,0,0,0,Martinica,474,474,0,0,1,0,0,0,0,41,0,France,Participating State \Territory,Latin Caribbean,0,0K,0,0,2015,October
MTQ,Martinique,0,0,0,0,Martinica,474,474,0,0,1,0,0,0,0,42,0,France,Participating State \Territory,Latin Caribbean,0,0K,0,0,2015,October
MTQ,Martinique,0,0,0,0,Martinica,474,474,0,0,1,0,0,0,0,43,0,France,Participating State \Territory,Latin Caribbean,0,0K,0,0,2015,October
MTQ,Martinique,0,0,0,0,Martinica,474,474,0,0,1,0,0,0,0,44,0,France,Participating State \Territory,Latin Caribbean,0,0K,0,0,2015,November
MTQ,Martinique,0,0,0,0,Martinica,474,474,0,0,1,0,0,0,0,45,0,France,Participating State \Territory,Latin Caribbean,0,0K,0,0,2015,November
MTQ,Martinique,0,0,0,0,Martinica,474,474,0,0,1,0,0,0,0,46,0,France,Participating State \Territory,Latin Caribbean,0,0K,0,0,2015,November
MTQ,Martinique,0,0,0,0,Martinica,474,474,0,0,1,0,0,0,0,47,0,France,Participating State \Territory,Latin Caribbean,0,0K,0,0,2015,November
MTQ,Martinique,0,0,0,0,Martinica,474,474,0,0,1,0,0,0,0,48,0,France,Participating State \Territory,Latin Caribbean,0,0K,0,0,2015,December
MTQ,Martinique,0,0,0,0,Martinica,474,474,0,0,1,0,0,0,0,49,0,France,Participating State \Territory,Latin Caribbean,0,0K,0,0,2015,December
MTQ,Martinique,0,0,0,0,Martinica,474,474,0,0,1,0,0,0,0,50,0,France,Participating State \Territory,Latin Caribbean,0,0K,0,0,2015,December
MTQ,Martinique,0,0,0,0,Martinica,474,474,0,0,1,0,0,0,0,51,0,France,Participating State \Territory,Latin Caribbean,0,0K,0,0,2015,December
MTQ,Martinique,0,0,0,0,Martinica,474,474,0,0,1,0,0,0,0,52,0,France,Participating State \Territory,Latin Caribbean,0,0K,0,0,2015,December
MTQ,Martinique,0,0,0,0,Martinica,474,474,0,0,1,0,0,0,0,1,0,France,Participating State \Territory,Latin Caribbean,0,0K,0,0,2016,January
MTQ,Martinique,0,52,0,12,Martinica,474,474,0,0,1,0,0,0,0,1,0,France,Participating State \Territory,Latin Caribbean,0,0K,12,0,2016,January
MTQ,Martinique,0,0,0,0,Martinica,474,474,0,0,1,0,0,0,0,2,0,France,Participating State \Territory,Latin Caribbean,0,0K,0,0,2016,January
MTQ,Martinique,0,52,0,0,Martinica,474,474,0,0,1,0,0,0,0,2,0,France,Participating State \Territory,Latin Caribbean,1231,0K,1231,0,2016,January
MTQ,Martinique,0,0,0,0,Martinica,474,474,0,0,1,0,0,0,0,3,0,France,Participating State \Territory,Latin Caribbean,0,0K,0,0,2016,January
MTQ,Martinique,0,52,0,0,Martinica,474,474,0,0,1,0,0,0,0,3,0,France,Participating State \Territory,Latin Caribbean,1064,0K,1064,0,2016,January
MTQ,Martinique,0,0,0,0,Martinica,474,474,0,0,1,0,0,0,0,4,0,France,Participating State \Territory,Latin Caribbean,0,0K,0,0,2016,January
MTQ,Martinique,0,52,0,0,Martinica,474,474,0,2,1,0,0,0,13,4,0,France,Participating State \Territory,Latin Caribbean,1645,0K,1645,0,2016,January
MTQ,Martinique,0,0,0,0,Martinica,474,474,0,0,1,0,0,0,0,5,0,France,Participating State \Territory,Latin Caribbean,0,0K,0,0,2016,February
MTQ,Martinique,0,0,0,0,Martinica,474,474,0,0,1,0,0,0,0,6,0,France,Participating State \Territory,Latin Caribbean,2110,0K,2110,0,2016,February
BOL,Bolivia,0,0,0,0,Bolivia,68,68,0,0,1,0,0,0,0,40,0,Bolivia,Member State,Andean,0,0K,0,0,2015,October
BOL,Bolivia,0,0,0,0,Bolivia,68,68,0,0,1,0,0,0,0,41,0,Bolivia,Member State,Andean,0,0K,0,0,2015,October
BOL,Bolivia,0,0,0,0,Bolivia,68,68,0,0,1,0,0,0,0,42,0,Bolivia,Member State,Andean,0,0K,0,0,2015,October
BOL,Bolivia,0,0,0,0,Bolivia,68,68,0,0,1,0,0,0,0,43,0,Bolivia,Member State,Andean,0,0K,0,0,2015,October
BOL,Bolivia,0,0,0,0,Bolivia,68,68,0,0,1,0,0,0,0,44,0,Bolivia,Member State,Andean,0,0K,0,0,2015,November
BOL,Bolivia,0,0,0,0,Bolivia,68,68,0,0,1,0,0,0,0,45,0,Bolivia,Member State,Andean,0,0K,0,0,2015,November
BOL,Bolivia,0,0,0,0,Bolivia,68,68,0,0,1,0,0,0,0,46,0,Bolivia,Member State,Andean,0,0K,0,0,2015,November
BOL,Bolivia,0,0,0,0,Bolivia,68,68,0,0,1,0,0,0,0,47,0,Bolivia,Member State,Andean,0,0K,0,0,2015,November
BOL,Bolivia,0,0,0,0,Bolivia,68,68,0,0,1,0,0,0,0,48,0,Bolivia,Member State,Andean,0,0K,0,0,2015,December
BOL,Bolivia,0,0,0,0,Bolivia,68,68,0,0,1,0,0,0,0,49,0,Bolivia,Member State,Andean,0,0K,0,0,2015,December
BOL,Bolivia,0,0,0,0,Bolivia,68,68,0,0,1,0,0,0,0,50,0,Bolivia,Member State,Andean,0,0K,0,0,2015,December
BOL,Bolivia,0,0,0,0,Bolivia,68,68,0,0,1,0,0,0,0,51,0,Bolivia,Member State,Andean,0,0K,0,0,2015,December
BOL,Bolivia,0,0,0,0,Bolivia,68,68,0,0,1,0,0,0,0,52,0,Bolivia,Member State,Andean,0,0K,0,0,2015,December
BOL,Bolivia,0,0,0,0,Bolivia,68,68,0,0,1,0,0,0,0,1,0,Bolivia,Member State,Andean,0,0K,0,0,2016,January
BOL,Bolivia,0,0,1,0,Bolivia,68,68,0,0,1,0,0,0,0,1,0,Bolivia,Member State,Andean,0,0K,0,0,2016,January
BOL,Bolivia,0,0,0,0,Bolivia,68,68,0,0,1,0,0,0,0,2,0,Bolivia,Member State,Andean,0,0K,0,0,2016,January
BOL,Bolivia,0,0,0,1,Bolivia,68,68,0,0,1,0,0,0,0,2,0,Bolivia,Member State,Andean,0,0K,1,0,2016,January
BOL,Bolivia,0,0,0,0,Bolivia,68,68,0,0,1,0,0,0,0,3,0,Bolivia,Member State,Andean,0,0K,0,0,2016,January
BOL,Bolivia,0,0,0,0,Bolivia,68,68,0,0,1,0,0,0,0,4,0,Bolivia,Member State,Andean,0,0K,0,0,2016,January
BOL,Bolivia,0,0,0,0,Bolivia,68,68,0,0,1,0,0,0,0,5,0,Bolivia,Member State,Andean,0,0K,0,0,2016,February
MEX,Mexico,0,0,0,0,México,484,484,0,0,1,0,0,0,0,40,0,Mexico,Member State,North America,0,0K,0,0,2015,October
MEX,Mexico,0,0,0,0,México,484,484,0,0,1,0,0,0,0,41,0,Mexico,Member State,North America,0,0K,0,0,2015,October
MEX,Mexico,0,0,0,0,México,484,484,0,0,1,0,0,0,0,42,0,Mexico,Member State,North America,0,0K,0,0,2015,October
MEX,Mexico,0,0,0,0,México,484,484,0,0,1,0,0,0,0,43,0,Mexico,Member State,North America,0,0K,0,0,2015,October
MEX,Mexico,0,0,0,0,México,484,484,0,0,1,0,0,0,0,44,0,Mexico,Member State,North America,0,0K,0,0,2015,November
MEX,Mexico,0,0,0,0,México,484,484,0,0,1,0,0,0,0,45,0,Mexico,Member State,North America,0,0K,0,0,2015,November
MEX,Mexico,0,0,0,0,México,484,484,0,0,1,0,0,0,0,46,0,Mexico,Member State,North America,0,0K,0,0,2015,November
MEX,Mexico,0,0,0,0,México,484,484,0,0,1,0,0,0,0,47,0,Mexico,Member State,North America,0,0K,0,0,2015,November
MEX,Mexico,0,0,1,2,México,484,484,0,0,1,0,0,0,0,47,0,Mexico,Member State,North America,0,0K,2,0,2015,November
MEX,Mexico,0,0,0,0,México,484,484,0,0,1,0,0,0,0,48,0,Mexico,Member State,North America,0,0K,0,0,2015,December
MEX,Mexico,0,0,0,0,México,484,484,0,0,1,0,0,0,0,49,0,Mexico,Member State,North America,0,0K,0,0,2015,December
MEX,Mexico,0,0,0,0,México,484,484,0,0,1,0,0,0,0,50,0,Mexico,Member State,North America,0,0K,0,0,2015,December
MEX,Mexico,0,0,0,0,México,484,484,0,0,1,0,0,0,0,51,0,Mexico,Member State,North America,0,0K,0,0,2015,December
MEX,Mexico,0,0,0,0,México,484,484,0,0,1,0,0,0,0,52,0,Mexico,Member State,North America,0,0K,0,0,2015,December
MEX,Mexico,0,0,0,13,México,484,484,0,0,1,0,0,0,0,52,0,Mexico,Member State,North America,0,0K,13,0,2015,December
MEX,Mexico,0,0,0,0,México,484,484,0,0,1,0,0,0,0,1,0,Mexico,Member State,North America,0,0K,0,0,2016,January
MEX,Mexico,0,0,0,3,México,484,484,0,0,1,0,0,0,0,2,0,Mexico,Member State,North America,0,0K,3,0,2016,January
MEX,Mexico,0,0,0,16,México,484,484,0,0,1,0,0,0,0,3,0,Mexico,Member State,North America,0,0K,16,0,2016,January
MEX,Mexico,0,0,0,0,México,484,484,0,0,1,0,0,0,0,4,0,Mexico,Member State,North America,0,0K,0,0,2016,January
MEX,Mexico,0,0,0,31,México,484,484,0,0,1,0,0,0,0,4,0,Mexico,Member State,North America,0,0K,31,0,2016,January
MEX,Mexico,0,0,0,0,México,484,484,0,0,1,0,0,0,0,5,0,Mexico,Member State,North America,0,0K,0,0,2016,February
MEX,Mexico,0,0,0,15,México,484,484,0,0,1,0,0,0,0,5,0,Mexico,Member State,North America,0,0K,15,0,2016,February
MEX,Mexico,0,0,0,13,México,484,484,0,0,1,0,0,0,3,6,0,Mexico,Member State,North America,0,0K,13,0,2016,February
NIC,Nicaragua,0,0,0,0,Nicaragua,558,558,0,0,1,0,0,0,0,40,0,Nicaragua,Member State,Central America,0,0K,0,0,2015,October
NIC,Nicaragua,0,0,0,0,Nicaragua,558,558,0,0,1,0,0,0,0,41,0,Nicaragua,Member State,Central America,0,0K,0,0,2015,October
NIC,Nicaragua,0,0,0,0,Nicaragua,558,558,0,0,1,0,0,0,0,42,0,Nicaragua,Member State,Central America,0,0K,0,0,2015,October
NIC,Nicaragua,0,0,0,0,Nicaragua,558,558,0,0,1,0,0,0,0,43,0,Nicaragua,Member State,Central America,0,0K,0,0,2015,October
NIC,Nicaragua,0,0,0,0,Nicaragua,558,558,0,0,1,0,0,0,0,44,0,Nicaragua,Member State,Central America,0,0K,0,0,2015,November
NIC,Nicaragua,0,0,0,0,Nicaragua,558,558,0,0,1,0,0,0,0,45,0,Nicaragua,Member State,Central America,0,0K,0,0,2015,November
NIC,Nicaragua,0,0,0,0,Nicaragua,558,558,0,0,1,0,0,0,0,46,0,Nicaragua,Member State,Central America,0,0K,0,0,2015,November
NIC,Nicaragua,0,0,0,0,Nicaragua,558,558,0,0,1,0,0,0,0,47,0,Nicaragua,Member State,Central America,0,0K,0,0,2015,November
NIC,Nicaragua,0,0,0,0,Nicaragua,558,558,0,0,1,0,0,0,0,48,0,Nicaragua,Member State,Central America,0,0K,0,0,2015,December
NIC,Nicaragua,0,0,0,0,Nicaragua,558,558,0,0,1,0,0,0,0,49,0,Nicaragua,Member State,Central America,0,0K,0,0,2015,December
NIC,Nicaragua,0,0,0,0,Nicaragua,558,558,0,0,1,0,0,0,0,50,0,Nicaragua,Member State,Central America,0,0K,0,0,2015,December
NIC,Nicaragua,0,0,0,0,Nicaragua,558,558,0,0,1,0,0,0,0,51,0,Nicaragua,Member State,Central America,0,0K,0,0,2015,December
NIC,Nicaragua,0,0,0,0,Nicaragua,558,558,0,0,1,0,0,0,0,52,0,Nicaragua,Member State,Central America,0,0K,0,0,2015,December
NIC,Nicaragua,0,0,0,0,Nicaragua,558,558,0,0,1,0,0,0,0,1,0,Nicaragua,Member State,Central America,0,0K,0,0,2016,January
NIC,Nicaragua,0,0,0,0,Nicaragua,558,558,0,0,1,0,0,0,0,2,0,Nicaragua,Member State,Central America,0,0K,0,0,2016,January
NIC,Nicaragua,0,0,0,0,Nicaragua,558,558,0,0,1,0,0,0,0,3,0,Nicaragua,Member State,Central America,0,0K,0,0,2016,January
NIC,Nicaragua,0,0,0,0,Nicaragua,558,558,0,0,1,0,0,0,0,4,0,Nicaragua,Member State,Central America,0,0K,0,0,2016,January
NIC,Nicaragua,0,0,0,2,Nicaragua,558,558,0,0,1,0,0,0,0,4,0,Nicaragua,Member State,Central America,0,0K,2,0,2016,January
NIC,Nicaragua,0,0,0,0,Nicaragua,558,558,0,0,1,0,0,0,0,5,0,Nicaragua,Member State,Central America,0,0K,0,0,2016,February
NIC,Nicaragua,0,0,0,19,Nicaragua,558,558,0,0,1,0,0,0,0,5,0,Nicaragua,Member State,Central America,0,0K,19,0,2016,February
NIC,Nicaragua,0,0,0,26,Nicaragua,558,558,0,0,1,0,0,0,4,6,0,Nicaragua,Member State,Central America,0,0K,26,0,2016,February
NIC,Nicaragua,0,0,0,19,Nicaragua,558,558,0,0,1,0,0,0,0,7,0,Nicaragua,Member State,Central America,0,0K,19,0,2016,February
PAN,Panama,0,0,0,0,Panamá,591,591,0,0,1,0,0,0,0,40,0,Panama,Member State,Central America,0,0K,0,0,2015,October
PAN,Panama,0,0,0,0,Panamá,591,591,0,0,1,0,0,0,0,41,0,Panama,Member State,Central America,0,0K,0,0,2015,October
PAN,Panama,0,0,0,0,Panamá,591,591,0,0,1,0,0,0,0,42,0,Panama,Member State,Central America,0,0K,0,0,2015,October
PAN,Panama,0,0,0,0,Panamá,591,591,0,0,1,0,0,0,0,43,0,Panama,Member State,Central America,0,0K,0,0,2015,October
PAN,Panama,0,0,0,0,Panamá,591,591,0,0,1,0,0,0,0,44,0,Panama,Member State,Central America,0,0K,0,0,2015,November
PAN,Panama,0,0,0,0,Panamá,591,591,0,0,1,0,0,0,0,45,0,Panama,Member State,Central America,0,0K,0,0,2015,November
PAN,Panama,0,0,0,0,Panamá,591,591,0,0,1,0,0,0,0,46,0,Panama,Member State,Central America,0,0K,0,0,2015,November
PAN,Panama,0,45,0,0,Panamá,591,591,0,0,1,0,0,0,0,46,0,Panama,Member State,Central America,0,0K,0,0,2015,November
PAN,Panama,0,0,0,4,Panamá,591,591,0,0,1,0,0,0,0,47,0,Panama,Member State,Central America,0,0K,4,0,2015,November
PAN,Panama,0,0,0,0,Panamá,591,591,0,0,1,0,0,0,0,48,0,Panama,Member State,Central America,0,0K,0,0,2015,December
PAN,Panama,0,0,0,5,Panamá,591,591,0,0,1,0,0,0,0,49,0,Panama,Member State,Central America,0,0K,5,0,2015,December
PAN,Panama,0,0,0,0,Panamá,591,591,0,0,1,0,0,0,0,50,0,Panama,Member State,Central America,0,0K,0,0,2015,December
PAN,Panama,0,45,0,20,Panamá,591,591,0,0,1,0,0,0,0,50,0,Panama,Member State,Central America,0,0K,20,0,2015,December
PAN,Panama,0,0,0,7,Panamá,591,591,0,0,1,0,0,0,0,51,0,Panama,Member State,Central America,0,0K,7,0,2015,December
PAN,Panama,0,0,0,0,Panamá,591,591,0,0,1,0,0,0,0,52,0,Panama,Member State,Central America,0,0K,0,0,2015,December
PAN,Panama,0,0,0,2,Panamá,591,591,0,0,1,0,0,0,0,52,0,Panama,Member State,Central America,0,0K,2,0,2015,December
PAN,Panama,0,0,0,0,Panamá,591,591,0,0,1,0,0,0,0,1,0,Panama,Member State,Central America,0,0K,0,0,2016,January
PAN,Panama,0,0,0,4,Panamá,591,591,0,0,1,0,0,0,0,1,0,Panama,Member State,Central America,0,0K,4,0,2016,January
PAN,Panama,0,0,0,3,Panamá,591,591,0,0,1,0,0,0,0,2,0,Panama,Member State,Central America,0,0K,3,0,2016,January
PAN,Panama,0,0,0,4,Panamá,591,591,0,0,1,0,0,0,0,3,0,Panama,Member State,Central America,0,0K,4,0,2016,January
PAN,Panama,0,0,0,0,Panamá,591,591,0,0,1,0,0,0,0,4,0,Panama,Member State,Central America,0,0K,0,0,2016,January
PAN,Panama,0,0,0,4,Panamá,591,591,0,0,1,0,0,0,0,4,0,Panama,Member State,Central America,0,0K,4,0,2016,January
PAN,Panama,0,0,0,10,Panamá,591,591,0,0,1,0,0,0,0,5,0,Panama,Member State,Central America,0,0K,10,0,2016,February
PAN,Panama,0,0,0,8,Panamá,591,591,0,0,1,0,0,0,0,6,0,Panama,Member State,Central America,0,0K,8,0,2016,February
PAN,Panama,0,0,2,15,Panamá,591,591,0,0,1,0,0,0,0,7,0,Panama,Member State,Central America,0,0K,15,0,2016,February
PRY,Paraguay,0,0,0,0,Paraguay,600,600,0,0,1,0,0,0,0,40,0,Paraguay,Member State,South Cone,0,0K,0,0,2015,October
PRY,Paraguay,0,0,0,0,Paraguay,600,600,0,0,1,0,0,0,0,41,0,Paraguay,Member State,South Cone,0,0K,0,0,2015,October
PRY,Paraguay,0,0,0,0,Paraguay,600,600,0,0,1,0,0,0,0,42,0,Paraguay,Member State,South Cone,0,0K,0,0,2015,October
PRY,Paraguay,0,0,0,0,Paraguay,600,600,0,0,1,0,0,0,0,43,0,Paraguay,Member State,South Cone,0,0K,0,0,2015,October
PRY,Paraguay,0,0,0,0,Paraguay,600,600,0,0,1,0,0,0,0,44,0,Paraguay,Member State,South Cone,0,0K,0,0,2015,November
PRY,Paraguay,0,0,0,0,Paraguay,600,600,0,0,1,0,0,0,0,45,0,Paraguay,Member State,South Cone,0,0K,0,0,2015,November
PRY,Paraguay,0,0,0,0,Paraguay,600,600,0,0,1,0,0,0,0,46,0,Paraguay,Member State,South Cone,0,0K,0,0,2015,November
PRY,Paraguay,0,0,0,0,Paraguay,600,600,0,0,1,0,0,0,0,47,0,Paraguay,Member State,South Cone,0,0K,0,0,2015,November
PRY,Paraguay,0,45,0,6,Paraguay,600,600,0,0,1,0,0,0,0,47,0,Paraguay,Member State,South Cone,0,0K,6,0,2015,November
PRY,Paraguay,0,0,0,0,Paraguay,600,600,0,0,1,0,0,0,0,48,0,Paraguay,Member State,South Cone,0,0K,0,0,2015,December
PRY,Paraguay,0,0,0,0,Paraguay,600,600,0,0,1,0,0,0,0,49,0,Paraguay,Member State,South Cone,0,0K,0,0,2015,December
PRY,Paraguay,0,0,0,0,Paraguay,600,600,0,0,1,0,0,0,0,50,0,Paraguay,Member State,South Cone,0,0K,0,0,2015,December
PRY,Paraguay,0,0,0,0,Paraguay,600,600,0,0,1,0,0,0,0,51,0,Paraguay,Member State,South Cone,0,0K,0,0,2015,December
PRY,Paraguay,0,0,0,0,Paraguay,600,600,0,0,1,0,0,0,0,52,0,Paraguay,Member State,South Cone,0,0K,0,0,2015,December
PRY,Paraguay,0,0,0,0,Paraguay,600,600,0,0,1,0,0,0,0,1,0,Paraguay,Member State,South Cone,0,0K,0,0,2016,January
PRY,Paraguay,0,0,0,0,Paraguay,600,600,0,0,1,0,0,0,0,2,0,Paraguay,Member State,South Cone,0,0K,0,0,2016,January
PRY,Paraguay,0,0,0,0,Paraguay,600,600,0,0,1,0,0,0,0,3,0,Paraguay,Member State,South Cone,0,0K,0,0,2016,January
PRY,Paraguay,0,0,0,0,Paraguay,600,600,0,0,1,0,0,0,0,4,0,Paraguay,Member State,South Cone,0,0K,0,0,2016,January
PRY,Paraguay,0,0,0,0,Paraguay,600,600,0,0,1,0,0,0,0,5,0,Paraguay,Member State,South Cone,0,0K,0,0,2016,February
PRI,Puerto Rico,0,0,0,0,Puerto Rico,630,630,0,0,1,0,0,0,0,40,0,United States,Associated Member,Latin Caribbean,0,0K,0,0,2015,October
PRI,Puerto Rico,0,0,0,0,Puerto Rico,630,630,0,0,1,0,0,0,0,41,0,United States,Associated Member,Latin Caribbean,0,0K,0,0,2015,October
PRI,Puerto Rico,0,0,0,0,Puerto Rico,630,630,0,0,1,0,0,0,0,42,0,United States,Associated Member,Latin Caribbean,0,0K,0,0,2015,October
PRI,Puerto Rico,0,0,0,0,Puerto Rico,630,630,0,0,1,0,0,0,0,43,0,United States,Associated Member,Latin Caribbean,0,0K,0,0,2015,October
PRI,Puerto Rico,0,0,0,0,Puerto Rico,630,630,0,0,1,0,0,0,0,44,0,United States,Associated Member,Latin Caribbean,0,0K,0,0,2015,November
PRI,Puerto Rico,0,0,0,0,Puerto Rico,630,630,0,0,1,0,0,0,0,45,0,United States,Associated Member,Latin Caribbean,0,0K,0,0,2015,November
PRI,Puerto Rico,0,0,0,0,Puerto Rico,630,630,0,0,1,0,0,0,0,46,0,United States,Associated Member,Latin Caribbean,0,0K,0,0,2015,November
PRI,Puerto Rico,0,0,0,0,Puerto Rico,630,630,0,0,1,0,0,0,0,47,0,United States,Associated Member,Latin Caribbean,0,0K,0,0,2015,November
PRI,Puerto Rico,0,0,0,0,Puerto Rico,630,630,0,0,1,0,0,0,0,48,0,United States,Associated Member,Latin Caribbean,0,0K,0,0,2015,December
PRI,Puerto Rico,0,0,0,0,Puerto Rico,630,630,0,0,1,0,0,0,0,49,0,United States,Associated Member,Latin Caribbean,0,0K,0,0,2015,December
PRI,Puerto Rico,0,0,0,0,Puerto Rico,630,630,0,0,1,0,0,0,0,50,0,United States,Associated Member,Latin Caribbean,0,0K,0,0,2015,December
PRI,Puerto Rico,0,0,0,0,Puerto Rico,630,630,0,0,1,0,0,0,0,51,0,United States,Associated Member,Latin Caribbean,0,0K,0,0,2015,December
PRI,Puerto Rico,0,0,0,0,Puerto Rico,630,630,0,0,1,0,0,0,0,52,0,United States,Associated Member,Latin Caribbean,0,0K,0,0,2015,December
PRI,Puerto Rico,0,0,0,9,Puerto Rico,630,630,0,0,1,0,0,0,0,52,0,United States,Associated Member,Latin Caribbean,0,0K,9,0,2015,December
PRI,Puerto Rico,0,0,0,0,Puerto Rico,630,630,0,0,1,0,0,0,0,1,0,United States,Associated Member,Latin Caribbean,0,0K,0,0,2016,January
PRI,Puerto Rico,0,0,0,4,Puerto Rico,630,630,0,0,1,0,0,0,0,1,0,United States,Associated Member,Latin Caribbean,0,0K,4,0,2016,January
PRI,Puerto Rico,0,0,0,0,Puerto Rico,630,630,0,0,1,0,0,0,0,2,0,United States,Associated Member,Latin Caribbean,0,0K,0,0,2016,January
PRI,Puerto Rico,0,0,0,4,Puerto Rico,630,630,0,0,1,0,0,0,0,2,0,United States,Associated Member,Latin Caribbean,0,0K,4,0,2016,January
PRI,Puerto Rico,0,0,0,0,Puerto Rico,630,630,0,0,1,0,0,0,0,3,0,United States,Associated Member,Latin Caribbean,0,0K,0,0,2016,January
PRI,Puerto Rico,0,0,0,4,Puerto Rico,630,630,1,0,1,0,0,0,1,3,3,United States,Associated Member,Latin Caribbean,0,0K,4,0,2016,January
PRI,Puerto Rico,,,,9,Puerto Rico,,,,,,,,,,4,,United States,Associated Member,Latin Caribbean,0,0K,,,,January
PRI,Puerto Rico,0,0,0,0,Puerto Rico,630,630,0,0,1,0,0,0,0,4,0,United States,Associated Member,Latin Caribbean,0,0K,0,0,2016,January
PRI,Puerto Rico,0,0,0,0,Puerto Rico,630,630,0,0,1,0,0,0,0,5,0,United States,Associated Member,Latin Caribbean,0,0K,0,0,2016,February
MAF,Saint Martin,0,0,0,0,Isla de San Martín (Francia),663,663,0,0,1,0,0,0,0,40,0,France,Overseas collectivities,Latin Caribbean,0,0K,0,0,2015,October
MAF,Saint Martin,0,0,0,0,Isla de San Martín (Francia),663,663,0,0,1,0,0,0,0,41,0,France,Overseas collectivities,Latin Caribbean,0,0K,0,0,2015,October
MAF,Saint Martin,0,0,0,0,Isla de San Martín (Francia),663,663,0,0,1,0,0,0,0,42,0,France,Overseas collectivities,Latin Caribbean,0,0K,0,0,2015,October
MAF,Saint Martin,0,0,0,0,Isla de San Martín (Francia),663,663,0,0,1,0,0,0,0,43,0,France,Overseas collectivities,Latin Caribbean,0,0K,0,0,2015,October
MAF,Saint Martin,0,0,0,0,Isla de San Martín (Francia),663,663,0,0,1,0,0,0,0,44,0,France,Overseas collectivities,Latin Caribbean,0,0K,0,0,2015,November
MAF,Saint Martin,0,0,0,0,Isla de San Martín (Francia),663,663,0,0,1,0,0,0,0,45,0,France,Overseas collectivities,Latin Caribbean,0,0K,0,0,2015,November
MAF,Saint Martin,0,0,0,0,Isla de San Martín (Francia),663,663,0,0,1,0,0,0,0,46,0,France,Overseas collectivities,Latin Caribbean,0,0K,0,0,2015,November
MAF,Saint Martin,0,0,0,0,Isla de San Martín (Francia),663,663,0,0,1,0,0,0,0,47,0,France,Overseas collectivities,Latin Caribbean,0,0K,0,0,2015,November
MAF,Saint Martin,0,0,0,0,Isla de San Martín (Francia),663,663,0,0,1,0,0,0,0,48,0,France,Overseas collectivities,Latin Caribbean,0,0K,0,0,2015,December
MAF,Saint Martin,0,0,0,0,Isla de San Martín (Francia),663,663,0,0,1,0,0,0,0,49,0,France,Overseas collectivities,Latin Caribbean,0,0K,0,0,2015,December
MAF,Saint Martin,0,0,0,0,Isla de San Martín (Francia),663,663,0,0,1,0,0,0,0,50,0,France,Overseas collectivities,Latin Caribbean,0,0K,0,0,2015,December
MAF,Saint Martin,0,0,0,0,Isla de San Martín (Francia),663,663,0,0,1,0,0,0,0,51,0,France,Overseas collectivities,Latin Caribbean,0,0K,0,0,2015,December
MAF,Saint Martin,0,0,0,0,Isla de San Martín (Francia),663,663,0,0,1,0,0,0,0,52,0,France,Overseas collectivities,Latin Caribbean,0,0K,0,0,2015,December
MAF,Saint Martin,0,0,0,0,Isla de San Martín (Francia),663,663,0,0,1,0,0,0,0,1,0,France,Overseas collectivities,Latin Caribbean,0,0K,0,0,2016,January
MAF,Saint Martin,0,0,0,0,Isla de San Martín (Francia),663,663,0,0,1,0,0,0,0,2,0,France,Overseas collectivities,Latin Caribbean,0,0K,0,0,2016,January
MAF,Saint Martin,0,0,0,1,Isla de San Martín (Francia),663,663,0,0,1,0,0,0,0,2,0,France,Overseas collectivities,Latin Caribbean,0,0K,1,0,2016,January
MAF,Saint Martin,0,0,0,0,Isla de San Martín (Francia),663,663,0,0,1,0,0,0,0,3,0,France,Overseas collectivities,Latin Caribbean,0,0K,0,0,2016,January
MAF,Saint Martin,0,0,0,0,Isla de San Martín (Francia),663,663,0,0,1,0,0,0,0,4,0,France,Overseas collectivities,Latin Caribbean,0,0K,0,0,2016,January
MAF,Saint Martin,0,0,0,0,Isla de San Martín (Francia),663,663,0,0,1,0,0,0,0,5,0,France,Overseas collectivities,Latin Caribbean,0,0K,0,0,2016,February
MAF,Saint Martin,0,0,0,6,Isla de San Martín (Francia),663,663,0,0,1,0,0,0,0,6,0,France,Overseas collectivities,Latin Caribbean,0,0K,6,0,2016,February
VCT,Saint Vincent and the Grenadines,0,0,0,0,San Vicente y las Granadinas,670,670,0,0,1,0,0,0,0,40,0,St. Vincent and the Grenadines,Member State,Non Latin Caribbean,0,0K,0,0,2015,October
VCT,Saint Vincent and the Grenadines,0,0,0,0,San Vicente y las Granadinas,670,670,0,0,1,0,0,0,0,41,0,St. Vincent and the Grenadines,Member State,Non Latin Caribbean,0,0K,0,0,2015,October
VCT,Saint Vincent and the Grenadines,0,0,0,0,San Vicente y las Granadinas,670,670,0,0,1,0,0,0,0,42,0,St. Vincent and the Grenadines,Member State,Non Latin Caribbean,0,0K,0,0,2015,October
VCT,Saint Vincent and the Grenadines,0,0,0,0,San Vicente y las Granadinas,670,670,0,0,1,0,0,0,0,43,0,St. Vincent and the Grenadines,Member State,Non Latin Caribbean,0,0K,0,0,2015,October
VCT,Saint Vincent and the Grenadines,0,0,0,0,San Vicente y las Granadinas,670,670,0,0,1,0,0,0,0,44,0,St. Vincent and the Grenadines,Member State,Non Latin Caribbean,0,0K,0,0,2015,November
VCT,Saint Vincent and the Grenadines,0,0,0,0,San Vicente y las Granadinas,670,670,0,0,1,0,0,0,0,45,0,St. Vincent and the Grenadines,Member State,Non Latin Caribbean,0,0K,0,0,2015,November
VCT,Saint Vincent and the Grenadines,0,0,0,0,San Vicente y las Granadinas,670,670,0,0,1,0,0,0,0,46,0,St. Vincent and the Grenadines,Member State,Non Latin Caribbean,0,0K,0,0,2015,November
VCT,Saint Vincent and the Grenadines,0,0,0,0,San Vicente y las Granadinas,670,670,0,0,1,0,0,0,0,47,0,St. Vincent and the Grenadines,Member State,Non Latin Caribbean,0,0K,0,0,2015,November
VCT,Saint Vincent and the Grenadines,0,0,0,0,San Vicente y las Granadinas,670,670,0,0,1,0,0,0,0,48,0,St. Vincent and the Grenadines,Member State,Non Latin Caribbean,0,0K,0,0,2015,December
VCT,Saint Vincent and the Grenadines,0,0,0,0,San Vicente y las Granadinas,670,670,0,0,1,0,0,0,0,49,0,St. Vincent and the Grenadines,Member State,Non Latin Caribbean,0,0K,0,0,2015,December
VCT,Saint Vincent and the Grenadines,0,0,0,0,San Vicente y las Granadinas,670,670,0,0,1,0,0,0,0,50,0,St. Vincent and the Grenadines,Member State,Non Latin Caribbean,0,0K,0,0,2015,December
VCT,Saint Vincent and the Grenadines,0,0,0,0,San Vicente y las Granadinas,670,670,0,0,1,0,0,0,0,51,0,St. Vincent and the Grenadines,Member State,Non Latin Caribbean,0,0K,0,0,2015,December
VCT,Saint Vincent and the Grenadines,0,0,0,0,San Vicente y las Granadinas,670,670,0,0,1,0,0,0,0,52,0,St. Vincent and the Grenadines,Member State,Non Latin Caribbean,0,0K,0,0,2015,December
VCT,Saint Vincent and the Grenadines,0,0,0,0,San Vicente y las Granadinas,670,670,0,0,1,0,0,0,0,1,0,St. Vincent and the Grenadines,Member State,Non Latin Caribbean,0,0K,0,0,2016,January
VCT,Saint Vincent and the Grenadines,0,0,0,0,San Vicente y las Granadinas,670,670,0,0,1,0,0,0,0,2,0,St. Vincent and the Grenadines,Member State,Non Latin Caribbean,0,0K,0,0,2016,January
VCT,Saint Vincent and the Grenadines,0,0,0,0,San Vicente y las Granadinas,670,670,0,0,1,0,0,0,0,3,0,St. Vincent and the Grenadines,Member State,Non Latin Caribbean,0,0K,0,0,2016,January
VCT,Saint Vincent and the Grenadines,0,0,0,0,San Vicente y las Granadinas,670,670,0,0,1,0,0,0,0,4,0,St. Vincent and the Grenadines,Member State,Non Latin Caribbean,0,0K,0,0,2016,January
VCT,Saint Vincent and the Grenadines,0,0,0,0,San Vicente y las Granadinas,670,670,0,0,1,0,0,0,0,5,0,St. Vincent and the Grenadines,Member State,Non Latin Caribbean,0,0K,0,0,2016,February
VCT,Saint Vincent and the Grenadines,0,0,0,0,San Vicente y las Granadinas,670,670,0,0,1,0,0,0,0,6,0,St. Vincent and the Grenadines,Member State,Non Latin Caribbean,0,0K,0,0,2016,February
VCT,Saint Vincent and the Grenadines,0,0,0,0,San Vicente y las Granadinas,670,670,0,0,1,0,0,0,0,7,0,St. Vincent and the Grenadines,Member State,Non Latin Caribbean,0,0K,0,0,2016,February
VCT,Saint Vincent and the Grenadines,0,0,0,1,San Vicente y las Granadinas,670,670,0,0,1,0,0,0,0,8,0,St. Vincent and the Grenadines,Member State,Non Latin Caribbean,0,0K,1,0,2016,February
SXM,Sint Maarten,0,0,0,0,Isla de San Martín (Holanda),534,534,0,0,1,0,0,0,0,40,0,Netherlands,Associated Member,Non Latin Caribbean,0,0K,0,0,2015,October
SXM,Sint Maarten,0,0,0,0,Isla de San Martín (Holanda),534,534,0,0,1,0,0,0,0,41,0,Netherlands,Associated Member,Non Latin Caribbean,0,0K,0,0,2015,October
SXM,Sint Maarten,0,0,0,0,Isla de San Martín (Holanda),534,534,0,0,1,0,0,0,0,42,0,Netherlands,Associated Member,Non Latin Caribbean,0,0K,0,0,2015,October
SXM,Sint Maarten,0,0,0,0,Isla de San Martín (Holanda),534,534,0,0,1,0,0,0,0,43,0,Netherlands,Associated Member,Non Latin Caribbean,0,0K,0,0,2015,October
SXM,Sint Maarten,0,0,0,0,Isla de San Martín (Holanda),534,534,0,0,1,0,0,0,0,44,0,Netherlands,Associated Member,Non Latin Caribbean,0,0K,0,0,2015,November
SXM,Sint Maarten,0,0,0,0,Isla de San Martín (Holanda),534,534,0,0,1,0,0,0,0,45,0,Netherlands,Associated Member,Non Latin Caribbean,0,0K,0,0,2015,November
SXM,Sint Maarten,0,0,0,0,Isla de San Martín (Holanda),534,534,0,0,1,0,0,0,0,46,0,Netherlands,Associated Member,Non Latin Caribbean,0,0K,0,0,2015,November
SXM,Sint Maarten,0,0,0,0,Isla de San Martín (Holanda),534,534,0,0,1,0,0,0,0,47,0,Netherlands,Associated Member,Non Latin Caribbean,0,0K,0,0,2015,November
SXM,Sint Maarten,0,0,0,0,Isla de San Martín (Holanda),534,534,0,0,1,0,0,0,0,48,0,Netherlands,Associated Member,Non Latin Caribbean,0,0K,0,0,2015,December
SXM,Sint Maarten,0,0,0,0,Isla de San Martín (Holanda),534,534,0,0,1,0,0,0,0,49,0,Netherlands,Associated Member,Non Latin Caribbean,0,0K,0,0,2015,December
SXM,Sint Maarten,0,0,0,0,Isla de San Martín (Holanda),534,534,0,0,1,0,0,0,0,50,0,Netherlands,Associated Member,Non Latin Caribbean,0,0K,0,0,2015,December
SXM,Sint Maarten,0,0,0,0,Isla de San Martín (Holanda),534,534,0,0,1,0,0,0,0,51,0,Netherlands,Associated Member,Non Latin Caribbean,0,0K,0,0,2015,December
SXM,Sint Maarten,0,0,0,0,Isla de San Martín (Holanda),534,534,0,0,1,0,0,0,0,52,0,Netherlands,Associated Member,Non Latin Caribbean,0,0K,0,0,2015,December
SXM,Sint Maarten,0,0,0,0,Isla de San Martín (Holanda),534,534,0,0,1,0,0,0,0,1,0,Netherlands,Associated Member,Non Latin Caribbean,0,0K,0,0,2016,January
SXM,Sint Maarten,0,0,0,0,Isla de San Martín (Holanda),534,534,0,0,1,0,0,0,0,2,0,Netherlands,Associated Member,Non Latin Caribbean,0,0K,0,0,2016,January
SXM,Sint Maarten,0,0,0,0,Isla de San Martín (Holanda),534,534,0,0,1,0,0,0,0,3,0,Netherlands,Associated Member,Non Latin Caribbean,0,0K,0,0,2016,January
SXM,Sint Maarten,0,0,0,0,Isla de San Martín (Holanda),534,534,0,0,1,0,0,0,0,4,0,Netherlands,Associated Member,Non Latin Caribbean,0,0K,0,0,2016,January
SXM,Sint Maarten,0,0,0,0,Isla de San Martín (Holanda),534,534,0,0,1,0,0,0,0,5,0,Netherlands,Associated Member,Non Latin Caribbean,0,0K,0,0,2016,February
SXM,Sint Maarten,0,0,0,0,Isla de San Martín (Holanda),534,534,0,0,1,0,0,0,0,6,0,Netherlands,Associated Member,Non Latin Caribbean,0,0K,0,0,2016,February
SXM,Sint Maarten,0,0,0,1,Isla de San Martín (Holanda),534,534,0,0,1,0,0,0,0,7,0,Netherlands,Associated Member,Non Latin Caribbean,0,0K,1,0,2016,February
SXM,Sint Maarten,0,0,0,1,Isla de San Martín (Holanda),534,534,0,0,1,0,0,0,0,8,0,Netherlands,Associated Member,Non Latin Caribbean,0,0K,1,0,2016,February
SUR,Suriname,0,0,0,0,Suriname,740,740,0,0,1,0,0,0,0,40,0,Suriname,Member State,Non Latin Caribbean,0,0K,0,0,2015,October
SUR,Suriname,0,0,0,0,Suriname,740,740,0,0,1,0,0,0,0,41,0,Suriname,Member State,Non Latin Caribbean,0,0K,0,0,2015,October
SUR,Suriname,0,0,0,0,Suriname,740,740,0,0,1,0,0,0,0,42,0,Suriname,Member State,Non Latin Caribbean,0,0K,0,0,2015,October
SUR,Suriname,0,0,0,0,Suriname,740,740,0,0,1,0,0,0,0,43,0,Suriname,Member State,Non Latin Caribbean,0,0K,0,0,2015,October
SUR,Suriname,0,0,0,4,Suriname,740,740,0,0,1,0,0,0,0,44,0,Suriname,Member State,Non Latin Caribbean,0,0K,4,0,2015,November
SUR,Suriname,0,0,0,0,Suriname,740,740,0,0,1,0,0,0,0,44,0,Suriname,Member State,Non Latin Caribbean,0,0K,0,0,2015,November
SUR,Suriname,0,0,0,2,Suriname,740,740,0,0,1,0,0,0,0,44,0,Suriname,Member State,Non Latin Caribbean,0,0K,2,0,2015,November
SUR,Suriname,0,0,0,0,Suriname,740,740,0,0,1,0,0,0,0,45,0,Suriname,Member State,Non Latin Caribbean,0,0K,0,0,2015,November
SUR,Suriname,0,0,0,0,Suriname,740,740,0,0,1,0,0,0,0,46,0,Suriname,Member State,Non Latin Caribbean,0,0K,0,0,2015,November
SUR,Suriname,0,0,0,0,Suriname,740,740,0,0,1,0,0,0,0,47,0,Suriname,Member State,Non Latin Caribbean,0,0K,0,0,2015,November
SUR,Suriname,0,0,0,0,Suriname,740,740,0,0,1,0,0,0,0,48,0,Suriname,Member State,Non Latin Caribbean,0,0K,0,0,2015,December
SUR,Suriname,0,0,0,0,Suriname,740,740,0,0,1,0,0,0,0,49,0,Suriname,Member State,Non Latin Caribbean,0,0K,0,0,2015,December
SUR,Suriname,0,0,0,0,Suriname,740,740,0,0,1,0,0,0,0,50,0,Suriname,Member State,Non Latin Caribbean,0,0K,0,0,2015,December
SUR,Suriname,0,0,0,0,Suriname,740,740,0,0,1,0,0,0,0,51,0,Suriname,Member State,Non Latin Caribbean,0,0K,0,0,2015,December
SUR,Suriname,0,0,0,0,Suriname,740,740,0,0,1,0,0,0,0,52,0,Suriname,Member State,Non Latin Caribbean,0,0K,0,0,2015,December
SUR,Suriname,0,0,0,0,Suriname,740,740,0,0,1,0,0,0,0,1,0,Suriname,Member State,Non Latin Caribbean,0,0K,0,0,2016,January
SUR,Suriname,0,0,0,0,Suriname,740,740,0,0,1,0,0,0,0,2,0,Suriname,Member State,Non Latin Caribbean,0,0K,0,0,2016,January
SUR,Suriname,0,0,0,0,Suriname,740,740,0,0,1,0,0,0,0,3,0,Suriname,Member State,Non Latin Caribbean,0,0K,0,0,2016,January
SUR,Suriname,4,0,0,0,Suriname,740,740,13,0,1,0,0,0,0,4,0,Suriname,Member State,Non Latin Caribbean,1097,0K,1097,0,2015,January
SUR,Suriname,0,0,0,0,Suriname,740,740,0,0,1,0,0,0,0,4,0,Suriname,Member State,Non Latin Caribbean,0,0K,0,0,2016,January
SUR,Suriname,0,0,0,0,Suriname,740,740,0,0,1,0,0,0,0,5,0,Suriname,Member State,Non Latin Caribbean,0,0K,0,0,2016,February
TTO,Trinidad and Tobago,0,0,0,0,Trinidad y Tobago,780,780,0,0,1,0,0,0,0,40,0,Trinidad and Tobago,Member State,Non Latin Caribbean,0,0K,0,0,2015,October
TTO,Trinidad and Tobago,0,0,0,0,Trinidad y Tobago,780,780,0,0,1,0,0,0,0,41,0,Trinidad and Tobago,Member State,Non Latin Caribbean,0,0K,0,0,2015,October
TTO,Trinidad and Tobago,0,0,0,0,Trinidad y Tobago,780,780,0,0,1,0,0,0,0,42,0,Trinidad and Tobago,Member State,Non Latin Caribbean,0,0K,0,0,2015,October
TTO,Trinidad and Tobago,0,0,0,0,Trinidad y Tobago,780,780,0,0,1,0,0,0,0,43,0,Trinidad and Tobago,Member State,Non Latin Caribbean,0,0K,0,0,2015,October
TTO,Trinidad and Tobago,0,0,0,0,Trinidad y Tobago,780,780,0,0,1,0,0,0,0,44,0,Trinidad and Tobago,Member State,Non Latin Caribbean,0,0K,0,0,2015,November
TTO,Trinidad and Tobago,0,0,0,0,Trinidad y Tobago,780,780,0,0,1,0,0,0,0,45,0,Trinidad and Tobago,Member State,Non Latin Caribbean,0,0K,0,0,2015,November
TTO,Trinidad and Tobago,0,0,0,0,Trinidad y Tobago,780,780,0,0,1,0,0,0,0,46,0,Trinidad and Tobago,Member State,Non Latin Caribbean,0,0K,0,0,2015,November
TTO,Trinidad and Tobago,0,0,0,0,Trinidad y Tobago,780,780,0,0,1,0,0,0,0,47,0,Trinidad and Tobago,Member State,Non Latin Caribbean,0,0K,0,0,2015,November
TTO,Trinidad and Tobago,0,0,0,0,Trinidad y Tobago,780,780,0,0,1,0,0,0,0,48,0,Trinidad and Tobago,Member State,Non Latin Caribbean,0,0K,0,0,2015,December
TTO,Trinidad and Tobago,0,0,0,0,Trinidad y Tobago,780,780,0,0,1,0,0,0,0,49,0,Trinidad and Tobago,Member State,Non Latin Caribbean,0,0K,0,0,2015,December
TTO,Trinidad and Tobago,0,0,0,0,Trinidad y Tobago,780,780,0,0,1,0,0,0,0,50,0,Trinidad and Tobago,Member State,Non Latin Caribbean,0,0K,0,0,2015,December
TTO,Trinidad and Tobago,0,0,0,0,Trinidad y Tobago,780,780,0,0,1,0,0,0,0,51,0,Trinidad and Tobago,Member State,Non Latin Caribbean,0,0K,0,0,2015,December
TTO,Trinidad and Tobago,0,0,0,0,Trinidad y Tobago,780,780,0,0,1,0,0,0,0,52,0,Trinidad and Tobago,Member State,Non Latin Caribbean,0,0K,0,0,2015,December
TTO,Trinidad and Tobago,0,0,0,0,Trinidad y Tobago,780,780,0,0,1,0,0,0,0,1,0,Trinidad and Tobago,Member State,Non Latin Caribbean,0,0K,0,0,2016,January
TTO,Trinidad and Tobago,0,0,0,0,Trinidad y Tobago,780,780,0,0,1,0,0,0,0,2,0,Trinidad and Tobago,Member State,Non Latin Caribbean,0,0K,0,0,2016,January
TTO,Trinidad and Tobago,0,0,0,0,Trinidad y Tobago,780,780,0,0,1,0,0,0,0,3,0,Trinidad and Tobago,Member State,Non Latin Caribbean,0,0K,0,0,2016,January
TTO,Trinidad and Tobago,0,0,0,0,Trinidad y Tobago,780,780,0,0,1,0,0,0,0,4,0,Trinidad and Tobago,Member State,Non Latin Caribbean,0,0K,0,0,2016,January
TTO,Trinidad and Tobago,0,0,0,0,Trinidad y Tobago,780,780,0,0,1,0,0,0,0,5,0,Trinidad and Tobago,Member State,Non Latin Caribbean,0,0K,0,0,2016,February
TTO,Trinidad and Tobago,0,0,0,0,Trinidad y Tobago,780,780,0,0,1,0,0,0,0,6,0,Trinidad and Tobago,Member State,Non Latin Caribbean,0,0K,0,0,2016,February
TTO,Trinidad and Tobago,0,0,0,1,Trinidad y Tobago,780,780,0,0,1,0,0,0,0,7,0,Trinidad and Tobago,Member State,Non Latin Caribbean,0,0K,1,0,2016,February
BES,Bonaire,0,0,0,0,"Bonaire, San Eustaquio y Saba",535,535,0,0,1,0,0,0,0,40,0,Netherlands,Participating State \Territory,Non Latin Caribbean,0,0K,0,0,2015,October
BES,Bonaire,0,0,0,0,"Bonaire, San Eustaquio y Saba",535,535,0,0,1,0,0,0,0,41,0,Netherlands,Participating State \Territory,Non Latin Caribbean,0,0K,0,0,2015,October
BES,Bonaire,0,0,0,0,"Bonaire, San Eustaquio y Saba",535,535,0,0,1,0,0,0,0,42,0,Netherlands,Participating State \Territory,Non Latin Caribbean,0,0K,0,0,2015,October
BES,Bonaire,0,0,0,0,"Bonaire, San Eustaquio y Saba",535,535,0,0,1,0,0,0,0,43,0,Netherlands,Participating State \Territory,Non Latin Caribbean,0,0K,0,0,2015,October
BES,Bonaire,0,0,0,0,"Bonaire, San Eustaquio y Saba",535,535,0,0,1,0,0,0,0,44,0,Netherlands,Participating State \Territory,Non Latin Caribbean,0,0K,0,0,2015,November
BES,Bonaire,0,0,0,0,"Bonaire, San Eustaquio y Saba",535,535,0,0,1,0,0,0,0,45,0,Netherlands,Participating State \Territory,Non Latin Caribbean,0,0K,0,0,2015,November
BES,Bonaire,0,0,0,0,"Bonaire, San Eustaquio y Saba",535,535,0,0,1,0,0,0,0,46,0,Netherlands,Participating State \Territory,Non Latin Caribbean,0,0K,0,0,2015,November
BES,Bonaire,0,0,0,0,"Bonaire, San Eustaquio y Saba",535,535,0,0,1,0,0,0,0,47,0,Netherlands,Participating State \Territory,Non Latin Caribbean,0,0K,0,0,2015,November
BES,Bonaire,0,0,0,0,"Bonaire, San Eustaquio y Saba",535,535,0,0,1,0,0,0,0,48,0,Netherlands,Participating State \Territory,Non Latin Caribbean,0,0K,0,0,2015,December
BES,Bonaire,0,0,0,0,"Bonaire, San Eustaquio y Saba",535,535,0,0,1,0,0,0,0,49,0,Netherlands,Participating State \Territory,Non Latin Caribbean,0,0K,0,0,2015,December
BES,Bonaire,0,0,0,0,"Bonaire, San Eustaquio y Saba",535,535,0,0,1,0,0,0,0,50,0,Netherlands,Participating State \Territory,Non Latin Caribbean,0,0K,0,0,2015,December
BES,Bonaire,0,0,0,0,"Bonaire, San Eustaquio y Saba",535,535,0,0,1,0,0,0,0,51,0,Netherlands,Participating State \Territory,Non Latin Caribbean,0,0K,0,0,2015,December
BES,Bonaire,0,0,0,0,"Bonaire, San Eustaquio y Saba",535,535,0,0,1,0,0,0,0,52,0,Netherlands,Participating State \Territory,Non Latin Caribbean,0,0K,0,0,2015,December
BES,Bonaire,0,0,0,0,"Bonaire, San Eustaquio y Saba",535,535,0,0,1,0,0,0,0,1,0,Netherlands,Participating State \Territory,Non Latin Caribbean,0,0K,0,0,2016,January
BES,Bonaire,0,0,0,0,"Bonaire, San Eustaquio y Saba",535,535,0,0,1,0,0,0,0,2,0,Netherlands,Participating State \Territory,Non Latin Caribbean,0,0K,0,0,2016,January
BES,Bonaire,0,0,0,0,"Bonaire, San Eustaquio y Saba",535,535,0,0,1,0,0,0,0,3,0,Netherlands,Participating State \Territory,Non Latin Caribbean,0,0K,0,0,2016,January
BES,Bonaire,0,0,0,0,"Bonaire, San Eustaquio y Saba",535,535,0,0,1,0,0,0,0,4,0,Netherlands,Participating State \Territory,Non Latin Caribbean,0,0K,0,0,2016,January
BES,Bonaire,0,0,0,0,"Bonaire, San Eustaquio y Saba",535,535,0,0,1,0,0,0,0,5,0,Netherlands,Participating State \Territory,Non Latin Caribbean,0,0K,0,0,2016,February
BES,Bonaire,0,0,0,0,"Bonaire, San Eustaquio y Saba",535,535,0,0,1,0,0,0,0,6,0,Netherlands,Participating State \Territory,Non Latin Caribbean,0,0K,0,0,2016,February
BES,Bonaire,0,0,0,1,"Bonaire, San Eustaquio y Saba",535,535,0,0,1,0,0,0,0,7,0,Netherlands,Participating State \Territory,Non Latin Caribbean,0,0K,1,0,2016,February
VIR,United States Virgin Islands,0,0,0,0,Islas Vírgenes (EUA),850,850,0,0,1,0,0,0,0,40,0,United States of America,Other,Non Latin Caribbean,0,0K,0,0,2015,October
VIR,United States Virgin Islands,0,0,0,0,Islas Vírgenes (EUA),850,850,0,0,1,0,0,0,0,41,0,United States of America,Other,Non Latin Caribbean,0,0K,0,0,2015,October
VIR,United States Virgin Islands,0,0,0,0,Islas Vírgenes (EUA),850,850,0,0,1,0,0,0,0,42,0,United States of America,Other,Non Latin Caribbean,0,0K,0,0,2015,October
VIR,United States Virgin Islands,0,0,0,0,Islas Vírgenes (EUA),850,850,0,0,1,0,0,0,0,43,0,United States of America,Other,Non Latin Caribbean,0,0K,0,0,2015,October
VIR,United States Virgin Islands,0,0,0,0,Islas Vírgenes (EUA),850,850,0,0,1,0,0,0,0,44,0,United States of America,Other,Non Latin Caribbean,0,0K,0,0,2015,November
VIR,United States Virgin Islands,0,0,0,0,Islas Vírgenes (EUA),850,850,0,0,1,0,0,0,0,45,0,United States of America,Other,Non Latin Caribbean,0,0K,0,0,2015,November
VIR,United States Virgin Islands,0,0,0,0,Islas Vírgenes (EUA),850,850,0,0,1,0,0,0,0,46,0,United States of America,Other,Non Latin Caribbean,0,0K,0,0,2015,November
VIR,United States Virgin Islands,0,0,0,0,Islas Vírgenes (EUA),850,850,0,0,1,0,0,0,0,47,0,United States of America,Other,Non Latin Caribbean,0,0K,0,0,2015,November
VIR,United States Virgin Islands,0,0,0,0,Islas Vírgenes (EUA),850,850,0,0,1,0,0,0,0,48,0,United States of America,Other,Non Latin Caribbean,0,0K,0,0,2015,December
VIR,United States Virgin Islands,0,0,0,0,Islas Vírgenes (EUA),850,850,0,0,1,0,0,0,0,49,0,United States of America,Other,Non Latin Caribbean,0,0K,0,0,2015,December
VIR,United States Virgin Islands,0,0,0,0,Islas Vírgenes (EUA),850,850,0,0,1,0,0,0,0,50,0,United States of America,Other,Non Latin Caribbean,0,0K,0,0,2015,December
VIR,United States Virgin Islands,0,0,0,0,Islas Vírgenes (EUA),850,850,0,0,1,0,0,0,0,51,0,United States of America,Other,Non Latin Caribbean,0,0K,0,0,2015,December
VIR,United States Virgin Islands,0,0,0,0,Islas Vírgenes (EUA),850,850,0,0,1,0,0,0,0,52,0,United States of America,Other,Non Latin Caribbean,0,0K,0,0,2015,December
VIR,United States Virgin Islands,0,0,0,0,Islas Vírgenes (EUA),850,850,0,0,1,0,0,0,0,1,0,United States of America,Other,Non Latin Caribbean,0,0K,0,0,2016,January
VIR,United States Virgin Islands,0,0,0,0,Islas Vírgenes (EUA),850,850,0,0,1,0,0,0,0,2,0,United States of America,Other,Non Latin Caribbean,0,0K,0,0,2016,January
VIR,United States Virgin Islands,0,0,0,1,Islas Vírgenes (EUA),850,850,0,0,1,0,0,0,0,3,0,United States of America,Other,Non Latin Caribbean,0,0K,1,0,2016,January
VIR,United States Virgin Islands,0,0,0,0,Islas Vírgenes (EUA),850,850,0,0,1,0,0,0,0,3,0,United States of America,Other,Non Latin Caribbean,0,0K,0,0,2016,January
VIR,United States Virgin Islands,0,0,0,0,Islas Vírgenes (EUA),850,850,0,0,1,0,0,0,0,4,0,United States of America,Other,Non Latin Caribbean,0,0K,0,0,2016,January
VIR,United States Virgin Islands,0,0,0,0,Islas Vírgenes (EUA),850,850,0,0,1,0,0,0,0,5,0,United States of America,Other,Non Latin Caribbean,0,0K,0,0,2016,February
VIR,United States Virgin Islands,0,0,0,0,Islas Vírgenes (EUA),850,850,0,0,1,0,0,0,0,6,0,United States of America,Other,Non Latin Caribbean,0,0K,0,0,2016,February
VIR,United States Virgin Islands,0,0,0,1,Islas Vírgenes (EUA),850,850,0,0,1,0,0,0,0,7,0,United States of America,Other,Non Latin Caribbean,59,0K,60,0,2016,February
VIR,United States Virgin Islands,0,0,0,2,Islas Vírgenes (EUA),850,850,0,0,1,0,0,0,0,8,0,United States of America,Other,Non Latin Caribbean,0,0K,2,0,2016,February
VEN,Venezuela,0,0,0,0,Venezuela,862,862,0,0,1,0,0,0,0,40,0,Venezuela,Member State,Andean,0,0K,0,0,2015,October
VEN,Venezuela,0,0,0,0,Venezuela,862,862,0,0,1,0,0,0,0,41,0,Venezuela,Member State,Andean,0,0K,0,0,2015,October
VEN,Venezuela,0,0,0,0,Venezuela,862,862,0,0,1,0,0,0,0,42,0,Venezuela,Member State,Andean,0,0K,0,0,2015,October
VEN,Venezuela,0,0,0,0,Venezuela,862,862,0,0,1,0,0,0,0,43,0,Venezuela,Member State,Andean,0,0K,0,0,2015,October
VEN,Venezuela,0,0,0,0,Venezuela,862,862,0,0,1,0,0,0,0,44,0,Venezuela,Member State,Andean,0,0K,0,0,2015,November
VEN,Venezuela,0,0,0,0,Venezuela,862,862,0,0,1,0,0,0,0,45,0,Venezuela,Member State,Andean,0,0K,0,0,2015,November
VEN,Venezuela,0,0,0,0,Venezuela,862,862,0,0,1,0,0,0,0,46,0,Venezuela,Member State,Andean,0,0K,0,0,2015,November
VEN,Venezuela,0,0,0,0,Venezuela,862,862,0,0,1,0,0,0,0,47,0,Venezuela,Member State,Andean,0,0K,0,0,2015,November
VEN,Venezuela,0,0,0,4,Venezuela,862,862,0,0,1,0,0,0,0,47,0,Venezuela,Member State,Andean,3,0K,7,0,2015,November
VEN,Venezuela,0,0,0,0,Venezuela,862,862,0,0,1,0,0,0,0,48,0,Venezuela,Member State,Andean,0,0K,0,0,2015,December
VEN,Venezuela,0,0,0,0,Venezuela,862,862,0,0,1,0,0,0,0,49,0,Venezuela,Member State,Andean,0,0K,0,0,2015,December
VEN,Venezuela,0,0,0,0,Venezuela,862,862,0,0,1,0,0,0,0,50,0,Venezuela,Member State,Andean,0,0K,0,0,2015,December
VEN,Venezuela,0,0,0,0,Venezuela,862,862,0,0,1,0,0,0,0,51,0,Venezuela,Member State,Andean,0,0K,0,0,2015,December
VEN,Venezuela,0,0,0,0,Venezuela,862,862,0,0,1,0,0,0,0,52,0,Venezuela,Member State,Andean,0,0K,0,0,2015,December
VEN,Venezuela,0,0,0,0,Venezuela,862,862,0,0,1,0,0,0,0,1,0,Venezuela,Member State,Andean,0,0K,0,0,2016,January
VEN,Venezuela,0,0,0,0,Venezuela,862,862,0,0,1,0,0,0,0,2,0,Venezuela,Member State,Andean,0,0K,0,0,2016,January
VEN,Venezuela,0,0,0,0,Venezuela,862,862,0,0,1,0,0,0,0,3,0,Venezuela,Member State,Andean,0,0K,0,0,2016,January
VEN,Venezuela,0,0,0,0,Venezuela,862,862,0,0,1,0,0,0,0,4,0,Venezuela,Member State,Andean,0,0K,0,0,2016,January
VEN,Venezuela,1,0,0,0,Venezuela,862,862,252,3,1,0,3,0,0,4,0,Venezuela,Member State,Andean,4693,4K,4693,321300,2016,January
VEN,Venezuela,0,0,0,0,Venezuela,862,862,0,0,1,0,0,0,0,5,0,Venezuela,Member State,Andean,0,0K,0,0,2016,February
BRA,Brazil,0,0,0,8,Brasil,76,76,0,0,1,0,0,0,0,19,0,Brazil,Member State,South Cone,0,0K,8,0,2015,May
BRA,Brazil,0,0,0,0,Brasil,76,76,0,0,1,0,0,0,0,20,0,Brazil,Member State,South Cone,0,0K,0,0,2015,May
BRA,Brazil,0,0,0,0,Brasil,76,76,0,0,1,0,0,0,0,40,0,Brazil,Member State,South Cone,0,0K,0,0,2015,October
BRA,Brazil,0,0,0,0,Brasil,76,76,0,0,1,0,0,0,0,41,0,Brazil,Member State,South Cone,0,0K,0,0,2015,October
BRA,Brazil,0,0,0,0,Brasil,76,76,0,0,1,0,0,0,0,42,0,Brazil,Member State,South Cone,0,0K,0,0,2015,October
BRA,Brazil,0,0,0,0,Brasil,76,76,0,0,1,0,0,0,0,43,0,Brazil,Member State,South Cone,0,0K,0,0,2015,October
BRA,Brazil,0,0,0,0,Brasil,76,76,0,0,1,0,0,0,0,46,0,Brazil,Member State,South Cone,0,0K,0,0,2015,November
BRA,Brazil,0,0,0,0,Brasil,76,76,0,0,1,0,0,0,0,48,0,Brazil,Member State,South Cone,0,0K,0,0,2015,December
BRA,Brazil,0,0,0,0,Brasil,76,76,0,0,1,0,0,0,0,49,0,Brazil,Member State,South Cone,0,0K,0,0,2015,December
BRA,Brazil,0,0,0,0,Brasil,76,76,0,0,1,0,0,0,0,50,0,Brazil,Member State,South Cone,0,0K,0,0,2015,December
BRA,Brazil,0,0,0,0,Brasil,76,76,0,0,1,0,0,0,0,51,0,Brazil,Member State,South Cone,0,0K,0,0,2015,December
BRA,Brazil,0,0,0,0,Brasil,76,76,0,0,1,0,0,0,0,52,0,Brazil,Member State,South Cone,0,0K,0,0,2015,December
BRA,Brazil,0,0,0,0,Brasil,76,76,0,0,1,0,0,0,0,1,0,Brazil,Member State,South Cone,0,0K,0,0,2016,January
BRA,Brazil,0,0,0,0,Brasil,76,76,0,0,1,0,0,0,0,2,0,Brazil,Member State,South Cone,0,0K,0,0,2016,January
BRA,Brazil,0,0,0,0,Brasil,76,76,0,0,1,0,0,0,0,3,0,Brazil,Member State,South Cone,0,0K,0,0,2016,January
BRA,Brazil,0,0,0,0,Brasil,76,76,0,0,1,0,0,0,0,4,0,Brazil,Member State,South Cone,0,0K,0,0,2016,January
BRA,Brazil,0,0,0,0,Brasil,76,76,0,0,1,0,0,0,0,5,0,Brazil,Member State,South Cone,0,0K,0,0,2016,February
BRA,Brazil,1,5,0,0,Brasil,76,76,0,0,1,0,0,0,0,5,0,Brazil,Member State,South Cone,0,0K,0,0,2016,February
BRA,Brazil,0,0,0,526,Brasil,76,76,0,0,1,0,0,0,0,6,0,Brazil,Member State,South Cone,1451,0K,1977,0,2016,February
COL,Colombia,0,39,0,9,Colombia,170,170,0,0,1,0,0,0,0,40,0,Colombia,Member State,Andean,89,0K,98,0,2015,October
COL,Colombia,0,0,0,46,Colombia,170,170,0,0,1,0,0,0,0,41,0,Colombia,Member State,Andean,0,0K,46,0,2015,October
COL,Colombia,0,0,0,193,Colombia,170,170,0,0,1,0,0,0,0,42,0,Colombia,Member State,Andean,150,0K,343,0,2015,October
COL,Colombia,0,0,0,93,Colombia,170,170,0,0,1,0,0,0,0,43,0,Colombia,Member State,Andean,247,0K,340,0,2015,October
COL,Colombia,0,0,0,52,Colombia,170,170,0,0,1,0,0,0,0,44,0,Colombia,Member State,Andean,362,0K,414,0,2015,November
COL,Colombia,0,0,0,95,Colombia,170,170,2,0,1,0,0,0,0,45,0,Colombia,Member State,Andean,741,0K,836,0,2015,November
COL,Colombia,0,0,0,90,Colombia,170,170,2,0,1,0,0,0,0,46,0,Colombia,Member State,Andean,1046,0K,1136,0,2015,November
COL,Colombia,0,0,0,0,Colombia,170,170,1,0,1,0,0,0,0,47,0,Colombia,Member State,Andean,1065,0K,1065,0,2015,November
COL,Colombia,0,0,0,37,Colombia,170,170,4,0,1,0,0,0,0,48,0,Colombia,Member State,Andean,1363,0K,1400,0,2015,December
COL,Colombia,0,0,0,61,Colombia,170,170,2,0,1,0,0,0,0,49,0,Colombia,Member State,Andean,1777,0K,1838,0,2015,December
COL,Colombia,0,0,0,24,Colombia,170,170,1,0,1,0,0,0,0,50,0,Colombia,Member State,Andean,1452,0K,1476,0,2015,December
COL,Colombia,0,0,0,36,Colombia,170,170,6,0,1,0,0,0,0,51,0,Colombia,Member State,Andean,988,0K,1024,0,2015,December
COL,Colombia,0,0,0,10,Colombia,170,170,4,0,1,0,0,0,0,52,0,Colombia,Member State,Andean,1686,0K,1696,0,2015,December
COL,Colombia,0,0,0,30,Colombia,170,170,14,0,1,0,0,0,0,1,0,Colombia,Member State,Andean,1789,0K,1819,0,2016,January
COL,Colombia,0,0,0,22,Colombia,170,170,3,0,1,0,0,0,0,2,0,Colombia,Member State,Andean,2866,0K,2888,0,2016,January
COL,Colombia,0,0,0,252,Colombia,170,170,3,0,1,0,0,0,0,3,0,Colombia,Member State,Andean,3626,0K,3878,321300,2016,January
COL,Colombia,0,0,0,281,Colombia,170,170,0,0,1,0,0,0,3177,4,0,Colombia,Member State,Andean,5067,4K,5348,321300,2016,January
COL,Colombia,3,0,0,173,Colombia,170,170,0,3,1,0,0,0,1836,5,0,Colombia,Member State,Andean,5737,4K,5910,321300,2016,February
COL,Colombia,0,0,0,108,Colombia,170,170,0,0,1,0,0,0,1343,6,0,Colombia,Member State,Andean,5348,4K,5456,321300,2016,February
COR,Costa Rica,0,0,0,0,Costa Rica,188,188,0,0,1,0,0,0,0,40,0,Costa Rica,Member State,Central America,0,0K,0,0,2015,October
COR,Costa Rica,0,0,0,0,Costa Rica,188,188,0,0,1,0,0,0,0,41,0,Costa Rica,Member State,Central America,0,0K,0,0,2015,October
COR,Costa Rica,0,0,0,0,Costa Rica,188,188,0,0,1,0,0,0,0,42,0,Costa Rica,Member State,Central America,0,0K,0,0,2015,October
COR,Costa Rica,0,0,0,0,Costa Rica,188,188,0,0,1,0,0,0,0,43,0,Costa Rica,Member State,Central America,0,0K,0,0,2015,October
COR,Costa Rica,0,0,0,0,Costa Rica,188,188,0,0,1,0,0,0,0,44,0,Costa Rica,Member State,Central America,0,0K,0,0,2015,November
COR,Costa Rica,0,0,0,0,Costa Rica,188,188,0,0,1,0,0,0,0,45,0,Costa Rica,Member State,Central America,0,0K,0,0,2015,November
COR,Costa Rica,0,0,0,0,Costa Rica,188,188,0,0,1,0,0,0,0,46,0,Costa Rica,Member State,Central America,0,0K,0,0,2015,November
COR,Costa Rica,0,0,0,0,Costa Rica,188,188,0,0,1,0,0,0,0,47,0,Costa Rica,Member State,Central America,0,0K,0,0,2015,November
COR,Costa Rica,0,0,0,0,Costa Rica,188,188,0,0,1,0,0,0,0,48,0,Costa Rica,Member State,Central America,0,0K,0,0,2015,December
COR,Costa Rica,0,0,0,0,Costa Rica,188,188,0,0,1,0,0,0,0,49,0,Costa Rica,Member State,Central America,0,0K,0,0,2015,December
COR,Costa Rica,0,0,0,0,Costa Rica,188,188,0,0,1,0,0,0,0,50,0,Costa Rica,Member State,Central America,0,0K,0,0,2015,December
COR,Costa Rica,0,0,0,0,Costa Rica,188,188,0,0,1,0,0,0,0,51,0,Costa Rica,Member State,Central America,0,0K,0,0,2015,December
COR,Costa Rica,0,0,0,0,Costa Rica,188,188,0,0,1,0,0,0,0,52,0,Costa Rica,Member State,Central America,0,0K,0,0,2015,December
COR,Costa Rica,0,0,0,0,Costa Rica,188,188,0,0,1,0,0,0,0,1,0,Costa Rica,Member State,Central America,0,0K,0,0,2016,January
COR,Costa Rica,0,0,0,0,Costa Rica,188,188,0,0,1,0,0,0,0,2,0,Costa Rica,Member State,Central America,0,0K,0,0,2016,January
COR,Costa Rica,0,0,0,0,Costa Rica,188,188,0,0,1,0,0,0,0,3,0,Costa Rica,Member State,Central America,0,0K,0,0,2016,January
COR,Costa Rica,0,0,0,0,Costa Rica,188,188,0,0,1,0,0,0,0,4,0,Costa Rica,Member State,Central America,0,0K,0,0,2016,January
COR,Costa Rica,0,0,0,1,Costa Rica,188,188,0,0,1,0,0,0,0,4,0,Costa Rica,Member State,Central America,0,0K,1,0,2016,January
COR,Costa Rica,0,0,0,0,Costa Rica,188,188,0,0,1,0,0,0,0,5,0,Costa Rica,Member State,Central America,0,0K,0,0,2016,February
COR,Costa Rica,0,0,0,0,Costa Rica,188,188,0,0,1,0,0,0,0,6,0,Costa Rica,Member State,Central America,0,0K,0,0,2016,February
COR,Costa Rica,0,0,0,0,Costa Rica,188,188,0,0,1,0,0,0,0,7,0,Costa Rica,Member State,Central America,0,0K,0,0,2016,February
COR,Costa Rica,0,0,0,2,Costa Rica,188,188,0,0,1,0,0,0,1,8,0,Costa Rica,Member State,Central America,0,0K,2,0,2016,February
CUW,Curacao,0,0,0,0,Curazao,531,531,0,0,1,0,0,0,0,40,0,Netherlands,Associated Member,Non Latin Caribbean,0,0K,0,0,2015,October
CUW,Curacao,0,0,0,0,Curazao,531,531,0,0,1,0,0,0,0,41,0,Netherlands,Associated Member,Non Latin Caribbean,0,0K,0,0,2015,October
CUW,Curacao,0,0,0,0,Curazao,531,531,0,0,1,0,0,0,0,42,0,Netherlands,Associated Member,Non Latin Caribbean,0,0K,0,0,2015,October
CUW,Curacao,0,0,0,0,Curazao,531,531,0,0,1,0,0,0,0,43,0,Netherlands,Associated Member,Non Latin Caribbean,0,0K,0,0,2015,October
CUW,Curacao,0,0,0,0,Curazao,531,531,0,0,1,0,0,0,0,44,0,Netherlands,Associated Member,Non Latin Caribbean,0,0K,0,0,2015,November
CUW,Curacao,0,0,0,0,Curazao,531,531,0,0,1,0,0,0,0,45,0,Netherlands,Associated Member,Non Latin Caribbean,0,0K,0,0,2015,November
CUW,Curacao,0,0,0,0,Curazao,531,531,0,0,1,0,0,0,0,46,0,Netherlands,Associated Member,Non Latin Caribbean,0,0K,0,0,2015,November
CUW,Curacao,0,0,0,0,Curazao,531,531,0,0,1,0,0,0,0,47,0,Netherlands,Associated Member,Non Latin Caribbean,0,0K,0,0,2015,November
CUW,Curacao,0,0,0,0,Curazao,531,531,0,0,1,0,0,0,0,48,0,Netherlands,Associated Member,Non Latin Caribbean,0,0K,0,0,2015,December
CUW,Curacao,0,0,0,0,Curazao,531,531,0,0,1,0,0,0,0,49,0,Netherlands,Associated Member,Non Latin Caribbean,0,0K,0,0,2015,December
CUW,Curacao,0,0,0,0,Curazao,531,531,0,0,1,0,0,0,0,50,0,Netherlands,Associated Member,Non Latin Caribbean,0,0K,0,0,2015,December
CUW,Curacao,0,0,0,0,Curazao,531,531,0,0,1,0,0,0,0,51,0,Netherlands,Associated Member,Non Latin Caribbean,0,0K,0,0,2015,December
CUW,Curacao,0,0,0,0,Curazao,531,531,0,0,1,0,0,0,0,52,0,Netherlands,Associated Member,Non Latin Caribbean,0,0K,0,0,2015,December
CUW,Curacao,0,0,0,0,Curazao,531,531,0,0,1,0,0,0,0,1,0,Netherlands,Associated Member,Non Latin Caribbean,0,0K,0,0,2016,January
CUW,Curacao,0,0,0,0,Curazao,531,531,0,0,1,0,0,0,0,2,0,Netherlands,Associated Member,Non Latin Caribbean,0,0K,0,0,2016,January
CUW,Curacao,0,0,0,0,Curazao,531,531,0,0,1,0,0,0,0,3,0,Netherlands,Associated Member,Non Latin Caribbean,0,0K,0,0,2016,January
CUW,Curacao,0,0,0,1,Curazao,531,531,0,0,1,0,0,0,0,4,0,Netherlands,Associated Member,Non Latin Caribbean,0,0K,1,0,2016,January
CUW,Curacao,0,0,0,0,Curazao,531,531,0,0,1,0,0,0,0,4,0,Netherlands,Associated Member,Non Latin Caribbean,0,0K,0,0,2016,January
CUW,Curacao,0,0,0,0,Curazao,531,531,0,0,1,0,0,0,0,5,0,Netherlands,Associated Member,Non Latin Caribbean,0,0K,0,0,2016,February
DOM,Dominican Republic,0,0,0,0,República Dominicana,214,214,0,0,1,0,0,0,0,40,0,Dominican Republic,Member State,Latin Caribbean,0,0K,0,0,2015,October
DOM,Dominican Republic,0,0,0,0,República Dominicana,214,214,0,0,1,0,0,0,0,41,0,Dominican Republic,Member State,Latin Caribbean,0,0K,0,0,2015,October
DOM,Dominican Republic,0,0,0,0,República Dominicana,214,214,0,0,1,0,0,0,0,42,0,Dominican Republic,Member State,Latin Caribbean,0,0K,0,0,2015,October
DOM,Dominican Republic,0,0,0,0,República Dominicana,214,214,0,0,1,0,0,0,0,43,0,Dominican Republic,Member State,Latin Caribbean,0,0K,0,0,2015,October
DOM,Dominican Republic,0,0,0,0,República Dominicana,214,214,0,0,1,0,0,0,0,44,0,Dominican Republic,Member State,Latin Caribbean,0,0K,0,0,2015,November
DOM,Dominican Republic,0,0,0,0,República Dominicana,214,214,0,0,1,0,0,0,0,45,0,Dominican Republic,Member State,Latin Caribbean,0,0K,0,0,2015,November
DOM,Dominican Republic,0,0,0,0,República Dominicana,214,214,0,0,1,0,0,0,0,46,0,Dominican Republic,Member State,Latin Caribbean,0,0K,0,0,2015,November
DOM,Dominican Republic,0,0,0,0,República Dominicana,214,214,0,0,1,0,0,0,0,47,0,Dominican Republic,Member State,Latin Caribbean,0,0K,0,0,2015,November
DOM,Dominican Republic,0,0,0,0,República Dominicana,214,214,0,0,1,0,0,0,0,48,0,Dominican Republic,Member State,Latin Caribbean,0,0K,0,0,2015,December
DOM,Dominican Republic,0,0,0,0,República Dominicana,214,214,0,0,1,0,0,0,0,49,0,Dominican Republic,Member State,Latin Caribbean,0,0K,0,0,2015,December
DOM,Dominican Republic,0,0,0,0,República Dominicana,214,214,0,0,1,0,0,0,0,50,0,Dominican Republic,Member State,Latin Caribbean,0,0K,0,0,2015,December
DOM,Dominican Republic,0,0,0,0,República Dominicana,214,214,0,0,1,0,0,0,0,51,0,Dominican Republic,Member State,Latin Caribbean,0,0K,0,0,2015,December
DOM,Dominican Republic,0,0,0,0,República Dominicana,214,214,0,0,1,0,0,0,0,52,0,Dominican Republic,Member State,Latin Caribbean,0,0K,0,0,2015,December
DOM,Dominican Republic,0,0,0,0,República Dominicana,214,214,0,0,1,0,0,0,0,1,0,Dominican Republic,Member State,Latin Caribbean,0,0K,0,0,2016,January
DOM,Dominican Republic,0,0,0,0,República Dominicana,214,214,0,0,1,0,0,0,0,2,0,Dominican Republic,Member State,Latin Caribbean,0,0K,0,0,2016,January
DOM,Dominican Republic,0,0,0,0,República Dominicana,214,214,0,0,1,0,0,0,0,3,0,Dominican Republic,Member State,Latin Caribbean,27,0K,27,0,2016,January
DOM,Dominican Republic,0,0,0,10,República Dominicana,214,214,0,0,1,0,0,0,0,3,0,Dominican Republic,Member State,Latin Caribbean,0,0K,10,0,2016,January
DOM,Dominican Republic,0,0,0,0,República Dominicana,214,214,0,0,1,0,0,0,0,4,0,Dominican Republic,Member State,Latin Caribbean,77,0K,77,0,2016,January
DOM,Dominican Republic,0,0,0,8,República Dominicana,214,214,0,0,1,0,0,0,0,5,0,Dominican Republic,Member State,Latin Caribbean,119,0K,127,0,2016,February
DOM,Dominican Republic,0,0,0,0,República Dominicana,214,214,0,0,1,0,0,0,0,6,0,Dominican Republic,Member State,Latin Caribbean,82,0K,82,0,2016,February
ECU,Ecuador,0,0,0,0,Ecuador,218,218,0,0,1,0,0,0,0,40,0,Ecuador,Member State,Andean,0,0K,0,0,2015,October
ECU,Ecuador,0,0,0,0,Ecuador,218,218,0,0,1,0,0,0,0,41,0,Ecuador,Member State,Andean,0,0K,0,0,2015,October
ECU,Ecuador,0,0,0,0,Ecuador,218,218,0,0,1,0,0,0,0,42,0,Ecuador,Member State,Andean,0,0K,0,0,2015,October
ECU,Ecuador,0,0,0,0,Ecuador,218,218,0,0,1,0,0,0,0,43,0,Ecuador,Member State,Andean,0,0K,0,0,2015,October
ECU,Ecuador,0,0,0,0,Ecuador,218,218,0,0,1,0,0,0,0,44,0,Ecuador,Member State,Andean,0,0K,0,0,2015,November
ECU,Ecuador,0,0,0,0,Ecuador,218,218,0,0,1,0,0,0,0,45,0,Ecuador,Member State,Andean,0,0K,0,0,2015,November
ECU,Ecuador,0,0,0,0,Ecuador,218,218,0,0,1,0,0,0,0,46,0,Ecuador,Member State,Andean,0,0K,0,0,2015,November
ECU,Ecuador,0,0,0,0,Ecuador,218,218,0,0,1,0,0,0,0,47,0,Ecuador,Member State,Andean,0,0K,0,0,2015,November
ECU,Ecuador,0,0,0,0,Ecuador,218,218,0,0,1,0,0,0,0,48,0,Ecuador,Member State,Andean,0,0K,0,0,2015,December
ECU,Ecuador,0,0,0,0,Ecuador,218,218,0,0,1,0,0,0,0,49,0,Ecuador,Member State,Andean,0,0K,0,0,2015,December
ECU,Ecuador,0,0,0,0,Ecuador,218,218,0,0,1,0,0,0,0,50,0,Ecuador,Member State,Andean,0,0K,0,0,2015,December
ECU,Ecuador,0,0,0,0,Ecuador,218,218,0,0,1,0,0,0,0,51,0,Ecuador,Member State,Andean,0,0K,0,0,2015,December
ECU,Ecuador,0,0,0,0,Ecuador,218,218,0,0,1,0,0,0,0,52,0,Ecuador,Member State,Andean,0,0K,0,0,2015,December
ECU,Ecuador,0,0,0,0,Ecuador,218,218,0,0,1,0,0,0,0,1,0,Ecuador,Member State,Andean,0,0K,0,0,2016,January
ECU,Ecuador,0,0,4,2,Ecuador,218,218,0,0,1,0,0,0,0,1,0,Ecuador,Member State,Andean,0,0K,2,0,2016,January
ECU,Ecuador,0,0,0,0,Ecuador,218,218,0,0,1,0,0,0,0,2,0,Ecuador,Member State,Andean,0,0K,0,0,2016,January
ECU,Ecuador,0,0,1,5,Ecuador,218,218,0,0,1,0,0,0,0,2,0,Ecuador,Member State,Andean,0,0K,5,0,2016,January
ECU,Ecuador,0,0,0,0,Ecuador,218,218,0,0,1,0,0,0,0,3,0,Ecuador,Member State,Andean,0,0K,0,0,2016,January
ECU,Ecuador,0,0,5,6,Ecuador,218,218,0,0,1,0,0,0,0,3,0,Ecuador,Member State,Andean,0,0K,6,0,2016,January
ECU,Ecuador,0,0,0,0,Ecuador,218,218,0,0,1,0,0,0,0,4,0,Ecuador,Member State,Andean,0,0K,0,0,2016,January
ECU,Ecuador,0,0,4,12,Ecuador,218,218,0,0,1,0,0,0,0,4,0,Ecuador,Member State,Andean,0,0K,12,0,2016,January
ECU,Ecuador,0,0,0,0,Ecuador,218,218,0,0,1,0,0,0,0,5,0,Ecuador,Member State,Andean,0,0K,0,0,2016,February
BRB,Barbados,0,0,0,0,Barbados,52,52,0,0,1,0,0,0,0,40,0,Barbados,Member State,Non Latin Caribbean,0,0K,0,0,2015,October
BRB,Barbados,0,0,0,0,Barbados,52,52,0,0,1,0,0,0,0,41,0,Barbados,Member State,Non Latin Caribbean,0,0K,0,0,2015,October
BRB,Barbados,0,0,0,0,Barbados,52,52,0,0,1,0,0,0,0,42,0,Barbados,Member State,Non Latin Caribbean,0,0K,0,0,2015,October
BRB,Barbados,0,0,0,0,Barbados,52,52,0,0,1,0,0,0,0,43,0,Barbados,Member State,Non Latin Caribbean,0,0K,0,0,2015,October
BRB,Barbados,0,0,0,0,Barbados,52,52,0,0,1,0,0,0,0,44,0,Barbados,Member State,Non Latin Caribbean,0,0K,0,0,2015,November
BRB,Barbados,0,0,0,0,Barbados,52,52,0,0,1,0,0,0,0,45,0,Barbados,Member State,Non Latin Caribbean,0,0K,0,0,2015,November
BRB,Barbados,0,0,0,0,Barbados,52,52,0,0,1,0,0,0,0,46,0,Barbados,Member State,Non Latin Caribbean,0,0K,0,0,2015,November
BRB,Barbados,0,0,0,0,Barbados,52,52,0,0,1,0,0,0,0,47,0,Barbados,Member State,Non Latin Caribbean,0,0K,0,0,2015,November
BRB,Barbados,0,0,0,0,Barbados,52,52,0,0,1,0,0,0,0,48,0,Barbados,Member State,Non Latin Caribbean,0,0K,0,0,2015,December
BRB,Barbados,0,0,0,0,Barbados,52,52,0,0,1,0,0,0,0,49,0,Barbados,Member State,Non Latin Caribbean,0,0K,0,0,2015,December
BRB,Barbados,0,0,0,0,Barbados,52,52,0,0,1,0,0,0,0,50,0,Barbados,Member State,Non Latin Caribbean,0,0K,0,0,2015,December
BRB,Barbados,0,0,0,0,Barbados,52,52,0,0,1,0,0,0,0,51,0,Barbados,Member State,Non Latin Caribbean,0,0K,0,0,2015,December
BRB,Barbados,0,0,0,0,Barbados,52,52,0,0,1,0,0,0,0,52,0,Barbados,Member State,Non Latin Caribbean,0,0K,0,0,2015,December
BRB,Barbados,0,0,0,0,Barbados,52,52,0,0,1,0,0,0,0,1,0,Barbados,Member State,Non Latin Caribbean,0,0K,0,0,2016,January
BRB,Barbados,0,0,0,3,Barbados,52,52,0,0,1,0,0,0,0,1,0,Barbados,Member State,Non Latin Caribbean,0,0K,3,0,2016,January
BRB,Barbados,0,0,0,0,Barbados,52,52,0,0,1,0,0,0,0,2,0,Barbados,Member State,Non Latin Caribbean,0,0K,0,0,2016,January
BRB,Barbados,0,0,0,0,Barbados,52,52,0,0,1,0,0,0,0,3,0,Barbados,Member State,Non Latin Caribbean,0,0K,0,0,2016,January
BRB,Barbados,0,0,0,0,Barbados,52,52,0,0,1,0,0,0,0,4,0,Barbados,Member State,Non Latin Caribbean,0,0K,0,0,2016,January
BRB,Barbados,0,0,0,0,Barbados,52,52,0,0,1,0,0,0,0,5,0,Barbados,Member State,Non Latin Caribbean,0,0K,0,0,2016,February
BRB,Barbados,0,0,0,4,Barbados,52,52,0,0,1,0,0,0,3,6,0,Barbados,Member State,Non Latin Caribbean,0,0K,4,0,2016,February
